2,100,140,0.29,23,0.04,125,0.08
3,100,193,0.26,17,0,108,0.11
4,100,205,0.34,24,0.04,120,0.08
3,200,217,0.215,25,0,229,0.11
2,200,283,0.19,92,0,257,0.095
4,200,322,0.175,22,0,285,0.11
1,100,200,0.14,48,0.38,1201,0.09
3,300,376,0.2866666666666667,60,0.83,274,0.14666666666666667
4,300,393,0.27666666666666667,45,0.81,238,0.14
2,300,358,0.21,40,0.63,395,0.09333333333333334
1,200,358,0.29,83,0,281,0.11
4,400,417,0.11,49,0,263,0.0975
3,400,524,0.1025,170,0,348,0.11
1,300,473,0.13333333333333333,88,0.37,390,0.09
4,500,461,0.138,85,0.256,341,0.084
1,400,633,0.2225,46,0,550,0.095
4,600,588,0.145,122,0.6233333333333333,560,0.11333333333333333
1,500,564,0.258,60,0,671,0.108
3,500,810,0.33,123,0.036,2507,0.118
4,700,772,0.14857142857142858,103,0.08571428571428572,917,0.10571428571428572
1,600,643,0.18,111,0.09666666666666666,791,0.12
4,800,1102,0.165,106,0.18,916,0.09375
1,700,731,0.1957142857142857,216,0,1030,0.08142857142857143
4,900,1162,0.22111111111111112,149,0.1288888888888889,4667,0.09888888888888889
3,600,813,0.145,367,0.43666666666666665,16378,0.115
4,1000,2240,0.208,239,0,7190,0.114
1,800,853,0.22375,128,0.1775,14749,0.09125
3,700,1113,0.22285714285714286,124,0.5157142857142857,609,0.09142857142857143
4,1100,1504,0.16818181818181818,342,0,953,0.10818181818181818
3,800,995,0.14875,139,0.03125,691,0.0925
1,900,1174,0.16111111111111112,875,0.0077777777777777776,804,0.12111111111111111
4,1200,1627,0.17,585,0.0275,929,0.1125
1,1000,1250,0.135,161,0,2632,0.102
2,400,506,0.1275,318,0,30735,0.105
4,1300,1351,0.23307692307692307,378,0.05923076923076923,2385,0.09846153846153846
2,500,806,0.244,93,0,441,0.074
3,900,1222,0.21777777777777776,229,0.58,6566,0.10888888888888888
2,600,821,0.105,96,0.35,504,0.11
4,1400,1726,0.18928571428571428,430,0,945,0.11357142857142857
3,1000,1392,0.233,275,0.541,934,0.11
1,1100,1048,0.17545454545454545,272,0.5627272727272727,5029,0.09818181818181818
3,1100,1350,0.1918181818181818,184,0.3518181818181818,911,0.10272727272727272
1,1200,1285,0.175,153,0.14916666666666667,1317,0.11666666666666667
2,700,727,0.1657142857142857,406,0,4081,0.10142857142857142
3,1200,1307,0.19833333333333333,346,0.04583333333333333,935,0.10666666666666667
2,800,990,0.1175,1306,0.89125,969,0.1025
3,1300,1395,0.19,660,0.30230769230769233,935,0.10307692307692308
2,900,1267,0.14555555555555555,260,0.0077777777777777776,2415,0.10333333333333333
3,1400,1437,0.18142857142857144,361,0,1641,0.10071428571428571
3,1500,1718,0.154,480,0.013333333333333334,6264,0.1
3,1600,2718,0.23375,304,0.1125,2246,0.1025
3,1700,1971,0.1976470588235294,449,0.4476470588235294,1418,0.10764705882352942
3,1800,1901,0.14277777777777778,584,0.11333333333333333,2142,0.10555555555555556
4,1500,1480,0.21133333333333335,608,0.14466666666666667,41593,0.10733333333333334
1,1300,1723,0.22230769230769232,515,0.38,38324,0.11307692307692307
2,1000,2650,0.154,351,0,71268,0.097
4,1600,1702,0.188125,453,0.135625,40345,0.121875
4,1700,1905,0.2,318,0,1926,0.1188235294117647
4,1800,2034,0.16944444444444445,402,0.3111111111111111,1872,0.09944444444444445
4,1900,2191,0.17421052631578948,299,0.3736842105263158,11467,0.10105263157894737
3,1900,2246,0.19263157894736843,902,0.31,71997,0.10157894736842105
4,2000,2429,0.2115,728,0.062,1501,0.1155
3,2000,2661,0.1785,2282,0.2985,2777,0.112
2,1100,1385,0.19,235,0,40151,0.09545454545454546
2,1200,2020,0.145,126,0.12083333333333333,1688,0.11416666666666667
2,1300,1598,0.17076923076923076,158,0.002307692307692308,1033,0.09615384615384616
2,1400,1410,0.15285714285714286,171,0.1442857142857143,6639,0.11142857142857143
1,1400,1555,0.21785714285714286,568,0.18142857142857144,100594,0.11142857142857143
2,1500,1598,0.18666666666666668,361,0.005333333333333333,4094,0.10066666666666667
1,1500,1535,0.19333333333333333,331,0.24,1126,0.10666666666666667
3,2100,2398,0.21523809523809523,753,0,31843,0.1138095238095238
2,1600,1830,0.17,194,0.061875,1951,0.099375
1,1600,2256,0.21,146,0,2140,0.116875
1,1700,1822,0.2252941176470588,290,0.4964705882352941,1398,0.09470588235294118
4,2100,2775,0.20523809523809525,578,0.29619047619047617,44339,0.1061904761904762
1,1800,1823,0.14444444444444443,217,0,1252,0.09777777777777778
3,2200,2809,0.15772727272727272,384,0,7252,0.10136363636363636
1,1900,1834,0.22473684210526315,445,0.12526315789473685,2450,0.11578947368421053
1,2000,2040,0.167,200,0,1984,0.1065
3,2300,2604,0.15478260869565216,490,0.6673913043478261,5869,0.10565217391304348
3,2400,2839,0.19916666666666666,398,0.01375,2069,0.09333333333333334
2,1700,1594,0.21588235294117647,358,0.12117647058823529,26183,0.11352941176470588
3,2500,2804,0.1548,449,0.0448,1732,0.0872
4,2200,2815,0.22136363636363637,361,0,18438,0.11181818181818182
1,2100,2729,0.17714285714285713,358,0.054285714285714284,9810,0.10238095238095238
4,2300,2348,0.18,381,0,6067,0.10478260869565217
1,2200,2417,0.195,442,0.0013636363636363637,5428,0.11090909090909092
1,2300,2421,0.1491304347826087,456,0.08217391304347826,2909,0.10043478260869565
2,1800,2016,0.16166666666666665,227,0.04555555555555556,15238,0.10611111111111111
4,2400,2369,0.2175,780,0.9079166666666667,3972,0.10791666666666666
1,2400,2571,0.24041666666666667,435,0.059583333333333335,2403,0.09958333333333333
2,1900,2172,0.18105263157894738,461,0.6810526315789474,3542,0.10894736842105263
4,2500,2743,0.2252,322,0.018,2495,0.1008
2,2000,2280,0.197,315,0.1115,1711,0.102
1,2500,3303,0.1732,392,0.0416,2297,0.1064
3,2600,2440,0.20807692307692308,376,0.5161538461538462,36122,0.09961538461538462
3,2700,2755,0.16703703703703704,401,0,26190,0.11814814814814815
1,2600,3031,0.1773076923076923,690,0.20038461538461538,60857,0.11153846153846154
3,2800,3179,0.21642857142857144,509,0.2,19593,0.10142857142857142
4,2600,2780,0.2123076923076923,1272,0.4857692307692308,77649,0.10423076923076922
1,2700,3034,0.17296296296296296,753,0.37444444444444447,9726,0.10777777777777778
2,2100,2252,0.1961904761904762,875,0.03428571428571429,77833,0.10047619047619048
3,2900,3990,0.16724137931034483,580,0.02482758620689655,11272,0.10172413793103448
4,2700,2897,0.23,255,0,3609,0.0962962962962963
4,2800,3263,0.19071428571428573,426,0.30464285714285716,21509,0.10607142857142857
2,2200,2522,0.19227272727272726,1380,0,26000,0.09681818181818182
4,2900,3130,0.21379310344827587,391,0.027586206896551724,2864,0.11137931034482759
1,2800,2815,0.18821428571428572,302,0,47245,0.10178571428571428
4,3000,7906,0.22333333333333333,649,0.423,6806,0.09933333333333333
2,2300,2682,0.19130434782608696,287,0.05956521739130435,17482,0.10652173913043478
3,3000,3345,0.20566666666666666,396,0.03666666666666667,46686,0.10133333333333333
2,2400,3452,0.23416666666666666,369,0.009166666666666667,2944,0.09625
1,2900,3294,0.18724137931034482,483,0.1993103448275862,10500,0.10517241379310345
3,3100,5131,0.18193548387096775,2110,0,6382,0.10354838709677419
2,2500,4415,0.1756,979,0.7504,7082,0.1024
3,3200,3597,0.2084375,780,0.271875,2764,0.1084375
2,2600,3109,0.21,637,0.03923076923076923,2376,0.10961538461538461
1,3000,3043,0.165,362,0.25633333333333336,13223,0.102
3,3300,4895,0.1984848484848485,561,0.029696969696969697,3232,0.09333333333333334
2,2700,2826,0.22444444444444445,1343,0.05444444444444444,10133,0.10296296296296296
3,3400,4386,0.1776470588235294,586,0.016764705882352942,6036,0.09647058823529411
4,3100,5830,0.18612903225806451,1352,0.04806451612903226,34778,0.1064516129032258
2,2800,3965,0.15892857142857142,377,0.009642857142857142,13085,0.11071428571428571
2,2900,3399,0.1813793103448276,933,0.10241379310344828,2867,0.11379310344827587
4,3200,3318,0.178125,551,0.255,24043,0.1015625
3,3500,4148,0.15628571428571428,882,0.4654285714285714,25154,0.09657142857142857
2,3000,3424,0.184,514,0.33266666666666667,31861,0.10933333333333334
3,3600,5107,0.1763888888888889,721,0.28194444444444444,24914,0.10277777777777777
3,3700,4102,0.18837837837837837,955,0.039729729729729726,3693,0.11
4,3300,3700,0.1606060606060606,414,0.022424242424242423,36415,0.09727272727272727
1,3100,3366,0.18516129032258064,404,0,83353,0.10516129032258065
4,3400,3969,0.19558823529411765,622,0.39558823529411763,3365,0.0961764705882353
1,3200,3942,0.2109375,1719,0.26375,4429,0.105625
4,3500,4111,0.18457142857142858,474,0.045142857142857144,3794,0.10114285714285715
1,3300,3254,0.1896969696969697,472,0.08151515151515151,2818,0.10696969696969696
3,3800,4558,0.1831578947368421,608,0.14026315789473684,27163,0.11026315789473684
4,3600,3905,0.2175,1180,0.04416666666666667,67642,0.10666666666666667
3,3900,4132,0.1717948717948718,1860,0.35615384615384615,54050,0.10948717948717948
1,3400,3714,0.21411764705882352,576,0,71653,0.10970588235294118
3,4000,4512,0.18975,926,0.16575,3569,0.112
4,3700,4567,0.21675675675675676,1116,0.008648648648648649,9434,0.10891891891891892
1,3500,4068,0.19028571428571428,671,0.1457142857142857,15967,0.10571428571428572
2,3100,3560,0.19193548387096773,370,0.014193548387096775,125079,0.11193548387096774
4,3800,4279,0.18394736842105264,944,0.07421052631578948,11734,0.10552631578947369
2,3200,4221,0.2140625,331,0.060625,2593,0.10875
1,3600,3410,0.20416666666666666,544,0.2972222222222222,12841,0.09777777777777778
2,3300,4530,0.14303030303030304,2251,0.3236363636363636,3413,0.10181818181818182
4,3900,4384,0.1976923076923077,644,0.2341025641025641,13359,0.09846153846153846
3,4100,5437,0.22121951219512195,594,0.05292682926829268,35073,0.10682926829268292
1,3700,3781,0.19513513513513514,672,0.49972972972972973,8295,0.10621621621621621
3,4200,4636,0.19285714285714287,1070,0.12380952380952381,9332,0.10285714285714286
1,3800,4676,0.19210526315789472,1517,0.05052631578947368,4455,0.10473684210526316
4,4000,4687,0.19725,668,0,20849,0.10475
1,3900,4222,0.1776923076923077,1186,0.52,34254,0.10333333333333333
4,4100,4732,0.18073170731707316,487,0.13414634146341464,41516,0.10146341463414635
1,4000,4407,0.18275,996,0.0155,12058,0.1055
2,3400,3612,0.19294117647058823,2247,0.1376470588235294,77842,0.10558823529411765
4,4200,4854,0.1676190476190476,1015,0.4473809523809524,4250,0.10547619047619047
1,4100,4197,0.17560975609756097,685,0.06804878048780488,5542,0.09780487804878049
3,4300,4412,0.1813953488372093,732,0.06069767441860465,66970,0.10651162790697674
2,3500,4762,0.22942857142857143,964,0.010857142857142857,4530,0.10342857142857143
4,4300,4963,0.18604651162790697,5855,0.013255813953488372,4043,0.1058139534883721
2,3600,4892,0.17805555555555555,617,0.24555555555555555,3326,0.1075
1,4200,4530,0.18095238095238095,641,0.3357142857142857,24006,0.11166666666666666
2,3700,5497,0.17081081081081081,664,0.11432432432432432,10807,0.09756756756756757
4,4400,7047,0.18181818181818182,1936,0.16818181818181818,11858,0.10159090909090909
3,4400,4613,0.21454545454545454,694,0.1293181818181818,27579,0.10522727272727272
1,4300,4493,0.2002325581395349,623,0,3619,0.10116279069767442
2,3800,4721,0.20078947368421052,1264,0.17763157894736842,3283,0.09947368421052631
4,4500,4668,0.19333333333333333,974,0.23733333333333334,8977,0.10711111111111112
2,3900,4118,0.16128205128205128,597,0,7432,0.09846153846153846
1,4400,4815,0.21931818181818183,681,0.04159090909090909,16178,0.0984090909090909
2,4000,5140,0.1465,1445,0.04525,3424,0.104
3,4500,5934,0.17733333333333334,1021,0.0908888888888889,20890,0.11222222222222222
2,4100,4616,0.1924390243902439,769,0.17560975609756097,3632,0.10609756097560975
1,4500,4999,0.18244444444444444,865,0.04577777777777778,9283,0.10555555555555556
3,4600,6021,0.1776086956521739,964,0.12521739130434784,7615,0.10195652173913043
4,4600,6111,0.20434782608695654,1417,0.06434782608695652,47825,0.1117391304347826
1,4600,5648,0.21478260869565216,673,0.03760869565217391,21420,0.10521739130434783
1,4700,4700,0.18319148936170213,568,0.04,5166,0.10936170212765957
4,4700,6053,0.14808510638297873,603,0.1478723404255319,4766,0.10085106382978723
3,4700,5490,0.21170212765957447,1693,0.06914893617021277,44085,0.10404255319148936
1,4800,5562,0.19291666666666665,5347,0,13937,0.10354166666666667
4,4800,5356,0.20229166666666668,1789,0.02666666666666667,18583,0.10104166666666667
2,4200,6992,0.1961904761904762,985,0.017619047619047618,63583,0.10547619047619047
3,4800,6139,0.17979166666666666,961,0.06916666666666667,7064,0.10104166666666667
1,4900,5281,0.18081632653061225,906,0.21061224489795918,5468,0.10408163265306122
4,4900,5868,0.18285714285714286,663,0.1863265306122449,5822,0.10714285714285714
2,4300,5136,0.19906976744186047,3009,0.14348837209302326,3854,0.10511627906976745
3,4900,5221,0.1826530612244898,1427,0.0746938775510204,5223,0.10816326530612246
3,5000,5734,0.1734,763,0.0104,11079,0.1054
4,5000,5884,0.207,500,0.1706,18882,0.1002
1,5000,6158,0.1846,768,0.1036,22327,0.1072
2,4400,4885,0.21409090909090908,718,0.16295454545454546,19457,0.09795454545454546
4,5100,6804,0.18333333333333332,758,0,10742,0.10647058823529412
2,4500,4634,0.18333333333333332,1709,0.2331111111111111,12269,0.10244444444444445
3,5100,6744,0.2072549019607843,1367,0.07764705882352942,16306,0.10333333333333333
4,5200,5503,0.2101923076923077,825,0.006538461538461538,24202,0.10461538461538461
2,4600,5520,0.18478260869565216,876,0.16608695652173913,28570,0.0967391304347826
1,5100,5217,0.2027450980392157,1254,0.08588235294117647,49035,0.11058823529411765
1,5200,6723,0.17692307692307693,1231,0.5801923076923077,5097,0.1051923076923077
3,5200,5666,0.2378846153846154,1321,0.05615384615384615,107432,0.11057692307692307
4,5300,6015,0.16962264150943396,939,0.26396226415094337,82545,0.10113207547169811
1,5300,6294,0.17471698113207548,1070,0.027924528301886794,60675,0.10528301886792453
2,4700,5440,0.19893617021276597,737,0.13893617021276597,85901,0.10893617021276596
4,5400,5305,0.1925925925925926,736,0.09592592592592593,6560,0.10740740740740741
1,5400,6354,0.23462962962962963,873,0.10185185185185185,10406,0.10611111111111111
3,5300,5751,0.22377358490566038,1435,0.03245283018867925,14180,0.11056603773584905
4,5500,6380,0.1918181818181818,1078,0.0849090909090909,6313,0.102
4,5600,6638,0.18535714285714286,1110,0.10928571428571429,7118,0.10910714285714286
1,5500,6781,0.17763636363636365,1141,0.07854545454545454,16439,0.09672727272727273
1,5600,6278,0.2005357142857143,1013,0.2844642857142857,5096,0.10482142857142857
4,5700,6285,0.1975438596491228,1380,0.20894736842105263,7313,0.10771929824561403
4,5800,6427,0.18189655172413793,4646,0.23224137931034483,6628,0.11051724137931035
2,4800,4794,0.17083333333333334,710,0.13375,59571,0.09729166666666667
1,5700,6873,0.2082456140350877,1089,0.07298245614035087,12732,0.10263157894736842
3,5400,5819,0.1862962962962963,627,0.06574074074074074,64099,0.10462962962962963
2,4900,5544,0.23244897959183675,813,0.07040816326530612,8917,0.09591836734693877
3,5500,6617,0.20145454545454544,1028,0.05218181818181818,10206,0.11327272727272727
2,5000,5153,0.1858,1065,0.0928,11280,0.102
1,5800,6034,0.17482758620689656,1515,0.2256896551724138,30846,0.10793103448275862
4,5900,6394,0.19610169491525423,961,0.05491525423728814,38850,0.1111864406779661
2,5100,5894,0.2084313725490196,2634,0.014901960784313726,6264,0.10764705882352942
3,5600,6576,0.17821428571428571,1062,0.15142857142857144,23032,0.10446428571428572
1,5900,6262,0.20135593220338982,842,0.014915254237288136,17375,0.10559322033898305
2,5200,6182,0.17442307692307693,796,0.07423076923076923,122607,0.11211538461538462
4,6000,7349,0.19633333333333333,946,0.004833333333333334,126446,0.10366666666666667
3,5700,7298,0.2119298245614035,3830,0.14859649122807017,127834,0.1075438596491228
4,6100,7005,0.20344262295081966,924,0.17491803278688525,17899,0.1019672131147541
3,5800,6868,0.17293103448275862,2227,0.048448275862068964,30346,0.11241379310344828
4,6200,6206,0.17758064516129032,1287,0.2940322580645161,28745,0.10467741935483871
3,5900,6751,0.168135593220339,1029,0.038135593220338986,7439,0.10830508474576271
4,6300,7141,0.16873015873015873,1797,0.1880952380952381,25657,0.10650793650793651
2,5300,6451,0.2,1243,0.460188679245283,93390,0.11245283018867924
3,6000,6825,0.17883333333333334,1584,0.1505,15663,0.10133333333333333
1,6000,6382,0.17883333333333334,2039,0.138,210679,0.10983333333333334
2,5400,6884,0.1985185185185185,912,0.11888888888888889,7400,0.11203703703703703
3,6100,6888,0.18147540983606558,1204,0.20491803278688525,16195,0.10081967213114754
2,5500,7029,0.20909090909090908,1711,0.15763636363636363,29027,0.10345454545454545
3,6200,8931,0.18564516129032257,878,0.08725806451612904,26149,0.11096774193548387
4,6400,7152,0.2209375,1431,0.18359375,66507,0.098125
1,6100,6545,0.19852459016393442,2607,0.04180327868852459,60529,0.10262295081967213
4,6500,7703,0.19938461538461538,943,0.027230769230769232,8236,0.11107692307692307
2,5600,7009,0.22017857142857142,1458,0.15821428571428572,29736,0.10267857142857142
1,6200,7903,0.1853225806451613,2037,0.1432258064516129,8978,0.09983870967741935
3,6300,7309,0.19253968253968254,2105,0.13380952380952382,30839,0.11095238095238096
1,6300,9590,0.1922222222222222,1838,0.024285714285714285,13854,0.10047619047619048
4,6600,8784,0.1787878787878788,981,0.17803030303030304,18296,0.10227272727272728
3,6400,10248,0.185,1510,0.05109375,8245,0.1025
2,5700,8499,0.1968421052631579,1485,0.09491228070175439,24947,0.09614035087719298
1,6400,6993,0.1896875,1470,0,5571,0.1028125
1,6500,7891,0.19092307692307692,887,0.3209230769230769,6458,0.09646153846153846
4,6700,8849,0.23134328358208955,1523,0.20597014925373133,19828,0.10626865671641791
3,6500,8638,0.19907692307692307,1511,0.05738461538461539,19808,0.09815384615384615
3,6600,7427,0.19333333333333333,1646,0.1668181818181818,12867,0.10045454545454545
4,6800,7818,0.18911764705882353,1267,0.1111764705882353,17276,0.10808823529411765
4,6900,7356,0.2018840579710145,1356,0.3243478260869565,27652,0.10434782608695652
3,6700,7325,0.18507462686567164,1214,0.034477611940298504,31191,0.10611940298507462
1,6600,7937,0.17924242424242423,6265,0.08712121212121213,55545,0.10318181818181818
4,7000,8600,0.175,1528,0.12357142857142857,58352,0.101
1,6700,7806,0.17567164179104477,996,0.0846268656716418,54116,0.1
3,6800,9370,0.1888235294117647,1861,0.05647058823529412,56232,0.10220588235294117
2,5800,7407,0.20379310344827586,1046,0.057931034482758624,163081,0.09827586206896552
3,6900,7974,0.21057971014492755,2099,0.2489855072463768,6766,0.1108695652173913
1,6800,7481,0.19602941176470587,6196,0.20294117647058824,6266,0.10455882352941176
1,6900,7509,0.16927536231884058,1992,0.17449275362318842,14772,0.10579710144927536
4,7100,8542,0.19408450704225352,1783,0.06436619718309859,61393,0.10323943661971831
1,7000,7229,0.18157142857142858,2316,0.5605714285714286,21542,0.10414285714285715
2,5900,6216,0.2105084745762712,3190,0.08593220338983051,60881,0.10016949152542373
4,7200,8300,0.19125,2937,0.29541666666666666,6873,0.10375
3,7000,9005,0.21285714285714286,2330,0.022714285714285715,66332,0.11114285714285714
2,6000,7335,0.197,712,0.0005,9354,0.10366666666666667
1,7100,8908,0.20887323943661973,4400,0.2415492957746479,16492,0.10859154929577465
4,7300,8194,0.19643835616438357,1369,0.08575342465753424,9944,0.10342465753424658
2,6100,7094,0.23885245901639343,1108,0.11229508196721312,18132,0.10918032786885246
3,7100,7625,0.17169014084507042,1200,0.23380281690140844,39851,0.1047887323943662
1,7200,7849,0.16652777777777777,1209,0.19541666666666666,34918,0.09972222222222223
4,7400,8465,0.15297297297297296,2507,0.13662162162162161,36409,0.1068918918918919
3,7200,10293,0.19722222222222222,1514,0.03722222222222222,9726,0.10694444444444444
2,6200,8665,0.20209677419354838,1323,0.33225806451612905,26591,0.10483870967741936
4,7500,9240,0.18466666666666667,1483,0.09666666666666666,23127,0.10333333333333333
1,7300,9025,0.18808219178082192,2114,0,32376,0.10013698630136986
2,6300,8761,0.19095238095238096,1766,0.05444444444444444,14812,0.11047619047619048
3,7300,9454,0.1995890410958904,1445,0.24876712328767123,21342,0.10876712328767123
1,7400,8118,0.20243243243243242,1063,0,10473,0.10581081081081081
4,7600,10277,0.18513157894736842,2531,0.2311842105263158,9317,0.105
2,6400,7723,0.18078125,690,0.05203125,22352,0.10734375
3,7400,8986,0.21081081081081082,4900,0.10189189189189189,45565,0.10432432432432433
2,6500,6784,0.2023076923076923,1328,0.37323076923076925,29215,0.10353846153846154
3,7500,8818,0.18333333333333332,4122,0.2830666666666667,20636,0.10773333333333333
4,7700,8451,0.17896103896103896,2637,0.44922077922077924,68167,0.10168831168831169
1,7500,8245,0.18173333333333333,1606,0.0544,99401,0.106
3,7600,9033,0.1788157894736842,1605,0.07460526315789473,37639,0.09776315789473684
4,7800,8851,0.22346153846153846,1618,0.5291025641025641,43748,0.10897435897435898
1,7600,8979,0.17776315789473685,1055,0.039342105263157894,17789,0.09631578947368422
2,6600,8071,0.1743939393939394,1108,0.010303030303030303,93641,0.10651515151515152
3,7700,10905,0.18974025974025974,2606,0.0425974025974026,10567,0.10038961038961039
4,7900,8519,0.1991139240506329,3606,0.09924050632911392,18316,0.10860759493670886
3,7800,8608,0.20525641025641025,2257,0.29102564102564105,16002,0.10794871794871795
2,6700,8623,0.19761194029850745,1892,0.3455223880597015,35861,0.10059701492537314
4,8000,8935,0.194,1469,0.0225,24215,0.10925
1,7700,9548,0.2009090909090909,1393,0.08818181818181818,55944,0.10636363636363637
2,6800,7836,0.21823529411764706,2257,0.4673529411764706,58171,0.11073529411764706
3,7900,13656,0.18556962025316456,2944,0.042531645569620254,72463,0.10556962025316456
4,8100,9150,0.1882716049382716,1958,0.08987654320987655,71223,0.10037037037037037
2,6900,9752,0.20608695652173914,931,0.06420289855072464,8054,0.10579710144927536
3,8000,12707,0.1905,2273,0.01525,7365,0.11125
1,7800,8709,0.15974358974358974,1069,0.014743589743589743,84803,0.10628205128205129
2,7000,7986,0.19742857142857143,2100,0.07442857142857143,16317,0.104
1,7900,9881,0.17126582278481012,1176,0.09582278481012658,17711,0.10734177215189873
4,8200,10171,0.18804878048780488,1829,0,58346,0.10536585365853658
3,8100,8882,0.21074074074074073,2161,0.5748148148148148,169265,0.10444444444444445
2,7100,8392,0.18676056338028169,2826,0.1423943661971831,158698,0.10352112676056338
1,8000,10000,0.2,3515,0.2475,141229,0.106125
3,8200,9540,0.19890243902439025,1958,0.012073170731707317,23911,0.10609756097560975
2,7200,8741,0.1775,6327,0.006944444444444444,13953,0.11013888888888888
4,8300,10202,0.1974698795180723,2720,0.5350602409638554,150897,0.10795180722891566
1,8100,9338,0.2088888888888889,1527,0.08777777777777777,48363,0.10382716049382716
3,8300,9888,0.2216867469879518,2507,0,37112,0.1063855421686747
2,7300,8302,0.19712328767123288,1251,0.08931506849315068,37638,0.0989041095890411
4,8400,9701,0.19095238095238096,1897,0.23238095238095238,36619,0.10154761904761905
1,8200,9617,0.20536585365853657,2058,0.10939024390243902,11426,0.10390243902439024
2,7400,8474,0.1954054054054054,969,0.012972972972972972,29476,0.10486486486486486
4,8500,10429,0.20776470588235293,2090,0.004705882352941176,57351,0.10552941176470589
1,8300,9528,0.18385542168674698,1344,0.025421686746987953,62036,0.10421686746987951
2,7500,7405,0.20746666666666666,1271,0.0268,32289,0.1004
3,8400,10471,0.2130952380952381,1227,0.0994047619047619,155620,0.1061904761904762
4,8600,9824,0.19988372093023254,4201,0.17290697674418604,83673,0.09534883720930233
2,7600,8448,0.18092105263157895,2526,0.06789473684210526,116754,0.10447368421052632
1,8400,9084,0.17916666666666667,1315,0.07916666666666666,123470,0.10357142857142858
2,7700,9325,0.17532467532467533,6148,0.2545454545454545,9537,0.10649350649350649
1,8500,9488,0.17294117647058824,1586,0.05694117647058824,8143,0.10611764705882352
3,8500,10529,0.188,1529,0.27988235294117647,64040,0.10588235294117647
4,8700,10361,0.20183908045977011,1496,0.2757471264367816,56157,0.10540229885057471
2,7800,8602,0.20064102564102565,1857,0.11423076923076923,12665,0.10807692307692307
1,8600,10149,0.17627906976744187,2134,0.05872093023255814,12647,0.1058139534883721
4,8800,9947,0.2005681818181818,1751,0.15056818181818182,32885,0.10511363636363637
2,7900,11062,0.2,1500,0.15012658227848102,53258,0.10202531645569621
3,8600,10327,0.1908139534883721,1740,0.0377906976744186,70018,0.11139534883720931
1,8700,10975,0.1742528735632184,2604,0.0077011494252873566,189067,0.10402298850574712
1,8800,9625,0.18579545454545454,1456,0.12795454545454546,44545,0.10636363636363637
4,8900,11230,0.1944943820224719,2640,0.10078651685393258,238020,0.1055056179775281
2,8000,9897,0.206125,1709,0.084,290614,0.10325
2,8100,9374,0.18962962962962962,1484,0.017037037037037038,10253,0.11160493827160493
1,8900,9777,0.20898876404494382,1362,0.11865168539325843,148316,0.10157303370786516
2,8200,9791,0.17109756097560977,4638,0.007682926829268293,57557,0.09695121951219512
3,8700,10319,0.18632183908045977,2370,0.38689655172413795,397388,0.10574712643678161
2,8300,9152,0.1872289156626506,1692,0.36409638554216867,40460,0.11
4,9000,10958,0.18977777777777777,2062,0.09466666666666666,218196,0.10355555555555555
1,9000,10855,0.21344444444444444,2912,0.08055555555555556,119291,0.10166666666666667
2,8400,9114,0.1844047619047619,1942,0.09976190476190476,33751,0.10642857142857143
4,9100,10655,0.20516483516483516,2253,0.3275824175824176,36028,0.10912087912087912
3,8800,12250,0.19375,3298,0.05875,70957,0.10125
1,9100,9948,0.17802197802197803,2365,0.28307692307692306,16033,0.10725274725274725
3,8900,10993,0.20134831460674157,2220,0.5217977528089888,32152,0.10741573033707866
2,8500,10133,0.2048235294117647,3002,0.02376470588235294,40478,0.098
4,9200,11081,0.19717391304347825,1051,0.07108695652173913,54243,0.10228260869565217
3,9000,10079,0.20155555555555554,1448,0.013555555555555555,94907,0.10311111111111111
4,9300,10885,0.1932258064516129,2163,0.08043010752688172,83210,0.10849462365591397
1,9200,12265,0.16967391304347826,2316,0.17706521739130435,130918,0.11010869565217392
3,9100,10731,0.19417582417582419,1195,0.1178021978021978,17684,0.10967032967032966
1,9300,10062,0.18053763440860215,2878,0.12258064516129032,17418,0.10204301075268817
2,8600,10006,0.17081395348837208,2965,0.07360465116279069,147725,0.10779069767441861
4,9400,11252,0.20085106382978724,2787,0.04,96935,0.10351063829787234
4,9500,11039,0.1936842105263158,5575,0.23115789473684212,15646,0.10694736842105264
1,9400,12662,0.17627659574468085,3199,0.2593617021276596,139019,0.10117021276595745
2,8700,10445,0.1752873563218391,2754,0.07724137931034483,158965,0.10206896551724139
4,9600,10936,0.17395833333333333,1632,0.0259375,81779,0.10625
1,9500,12103,0.1936842105263158,3020,0.1337894736842105,36651,0.10052631578947369
3,9200,10913,0.18,2272,0.1973913043478261,219435,0.10728260869565218
1,9600,12216,0.2265625,6643,0.07625,20101,0.10177083333333334
3,9300,11819,0.2060215053763441,3355,0.2532258064516129,9475,0.10204301075268817
2,8800,11203,0.20681818181818182,1417,0.09488636363636363,53764,0.1065909090909091
4,9700,11323,0.1811340206185567,2023,0.2709278350515464,36774,0.10690721649484536
3,9400,11172,0.19861702127659575,2210,0.36414893617021277,23102,0.10393617021276595
1,9700,11410,0.18824742268041236,2710,0.08453608247422681,25386,0.10298969072164949
1,9800,10949,0.18612244897959185,3119,0.6243877551020408,29644,0.10112244897959184
2,8900,11184,0.20808988764044944,2271,0.017303370786516854,94637,0.10415730337078652
4,9800,12808,0.19551020408163267,3559,0.0976530612244898,89030,0.10275510204081632
1,9900,11917,0.1918181818181818,2014,0.06474747474747475,154740,0.10808080808080808
4,9900,11704,0.1892929292929293,2720,0.08696969696969697,122410,0.10373737373737374
2,9000,9661,0.19766666666666666,1991,0.197,127605,0.10255555555555555
3,9500,13219,0.18757894736842104,3335,0.078,214247,0.11
2,9100,10121,0.1931868131868132,2110,0.08164835164835164,31818,0.1078021978021978
3,9600,12853,0.16677083333333334,1681,0.0453125,25876,0.10947916666666667
4,10000,12551,0.1784,2292,0.396,46124,0.1097
1,10000,11302,0.2151,1586,0.0121,49138,0.1037
5,100,167,0.18,21,0,71,0.05
5,200,346,0.175,68,0,150,0.135
6,100,279,0.07,49,0,74,0.14
6,200,375,0.075,54,0,231,0.085
5,300,533,0.31666666666666665,65,0,238,0.09
5,400,467,0.245,87,0,309,0.125
5,500,518,0.13,56,0,432,0.098
6,300,740,0.19333333333333333,209,0.4033333333333333,962,0.08666666666666667
6,400,522,0.205,121,0.8475,332,0.1225
5,600,764,0.25333333333333335,115,0.07333333333333333,499,0.08333333333333333
6,500,667,0.172,102,0,445,0.124
5,700,784,0.21428571428571427,174,0.01,620,0.10428571428571429
6,600,907,0.23166666666666666,104,0.015,503,0.10166666666666667
5,800,926,0.16,125,0.61375,573,0.11125
2,9200,10847,0.18347826086956523,3907,0.2518478260869565,8810,0.10271739130434783
6,700,905,0.15142857142857144,82,0.11857142857142858,769,0.10857142857142857
5,900,1137,0.20777777777777778,183,0,758,0.1111111111111111
6,800,791,0.20125,73,0,568,0.1075
6,900,1030,0.19333333333333333,249,0.17555555555555555,618,0.11666666666666667
5,1000,1258,0.189,258,0.199,869,0.097
5,1100,1214,0.15818181818181817,278,0.12545454545454546,1016,0.12727272727272726
3,9700,11734,0.19814432989690722,1817,0.04371134020618557,8533,0.10690721649484536
5,1200,1403,0.18,860,0.89,1108,0.10916666666666666
5,1300,1455,0.18692307692307691,316,0.04923076923076923,1018,0.1123076923076923
6,1000,863,0.201,409,0.049,16260,0.088
3,9800,11016,0.20275510204081632,2244,0.1879591836734694,9756,0.09938775510204081
2,9300,12616,0.19806451612903225,1675,0.15301075268817205,31482,0.10236559139784947
6,1100,1302,0.2,176,0.07909090909090909,22813,0.09909090909090909
5,1400,1942,0.10357142857142858,545,0.5985714285714285,46653,0.09928571428571428
5,1500,1994,0.146,293,0.466,1325,0.096
5,1600,1829,0.168125,377,0.5025,2129,0.10375
5,1700,1552,0.1652941176470588,355,0.12705882352941175,9797,0.10588235294117647
6,1200,1492,0.1475,143,0.06333333333333334,75676,0.105
3,9900,11899,0.20959595959595959,2824,0.03797979797979798,79789,0.10474747474747474
6,1300,1614,0.20615384615384616,288,0.04692307692307692,34075,0.09230769230769231
6,1400,1749,0.255,430,0.28214285714285714,1300,0.09857142857142857
6,1500,1922,0.17733333333333334,330,0.052,1307,0.09333333333333334
3,10000,12841,0.1893,3764,0.4662,25869,0.1041
7,100,299,0.29,62,0,173,0.13
7,200,497,0.485,39,0.075,378,0.13
7,300,558,0.21666666666666667,53,0,461,0.09333333333333334
7,400,742,0.2825,72,0,624,0.11
5,1800,4524,0.2127777777777778,359,0,87183,0.10555555555555556
6,1600,2026,0.169375,174,0.006875,5615,0.095
2,9400,11089,0.17404255319148937,2300,0.029574468085106383,118365,0.10297872340425532
6,1700,1987,0.1423529411764706,264,0.3982352941176471,1565,0.10705882352941176
5,1900,2368,0.1631578947368421,486,0.31157894736842107,2550,0.09526315789473684
5,2000,2350,0.1425,310,0.0605,2797,0.095
6,1800,2277,0.16555555555555557,419,0.8472222222222222,8680,0.10111111111111111
7,500,524,0.23,111,0.006,21540,0.098
6,1900,4276,0.18842105263157893,450,0,2044,0.09894736842105263
7,600,810,0.13666666666666666,130,0,474,0.09833333333333333
7,700,762,0.1757142857142857,130,0,940,0.10285714285714286
7,800,871,0.19125,101,0,1118,0.1025
7,900,1291,0.24444444444444444,321,0.37,847,0.11
2,9500,12470,0.1743157894736842,2506,0.07810526315789473,10988,0.10042105263157895
7,1000,1209,0.241,190,0.028,991,0.105
7,1100,1233,0.2081818181818182,248,0,1522,0.09454545454545454
5,2100,2281,0.16047619047619047,287,0.016666666666666666,23660,0.1019047619047619
7,1200,1638,0.23333333333333334,714,0.029166666666666667,1446,0.10166666666666667
7,1300,1561,0.1376923076923077,297,0,65703,0.10692307692307693
6,2000,2536,0.224,315,0.142,82953,0.1035
7,1400,1839,0.18214285714285713,351,0,1275,0.09785714285714285
7,1500,1673,0.14933333333333335,233,0.05466666666666667,2072,0.094
6,2100,2203,0.22380952380952382,340,0.1657142857142857,2446,0.1019047619047619
5,2200,2427,0.17272727272727273,445,0.20727272727272728,73685,0.11318181818181818
6,2200,2536,0.205,518,0.4131818181818182,3234,0.09636363636363636
6,2300,2829,0.1482608695652174,282,0.018260869565217393,5505,0.10478260869565217
5,2300,2613,0.18347826086956523,841,0.6782608695652174,10812,0.10695652173913044
7,1600,1615,0.168125,258,0,21068,0.1075
6,2400,2733,0.21375,1169,0.19291666666666665,4112,0.09875
5,2400,3058,0.17583333333333334,256,0.009166666666666667,5397,0.09041666666666667
2,9600,11821,0.20104166666666667,1951,0.010625,136443,0.10645833333333334
7,1700,1991,0.1952941176470588,1526,0.04588235294117647,40985,0.1011764705882353
6,2500,2672,0.1576,306,0,46200,0.1064
5,2500,3226,0.2076,309,0.1924,45618,0.0992
7,1800,1940,0.17722222222222223,521,0.3338888888888889,7980,0.10555555555555556
5,2600,2617,0.14192307692307693,736,0.19423076923076923,2447,0.1123076923076923
6,2600,3234,0.20076923076923076,354,0.2623076923076923,2968,0.11
7,1900,2333,0.21052631578947367,338,0.06421052631578947,1350,0.10263157894736842
5,2700,3583,0.1688888888888889,542,0.18407407407407408,7831,0.09925925925925926
7,2000,1958,0.246,640,0.13,6442,0.1145
5,2800,3800,0.23642857142857143,732,0,2816,0.105
2,9700,12229,0.19350515463917525,3210,0.027525773195876287,17375,0.10597938144329896
7,2100,3199,0.22285714285714286,666,0.002380952380952381,9357,0.09333333333333334
5,2900,3858,0.2003448275862069,362,0,2343,0.10517241379310345
7,2200,2261,0.21545454545454545,417,0.02,2321,0.10272727272727272
7,2300,2825,0.23347826086956522,551,0.18130434782608695,9949,0.10304347826086957
5,3000,3438,0.17133333333333334,995,0.009333333333333334,13767,0.095
6,2700,3368,0.14814814814814814,497,0.2537037037037037,41135,0.09666666666666666
5,3100,3910,0.17096774193548386,1098,0.15548387096774194,4647,0.09709677419354838
6,2800,2657,0.18071428571428572,1079,0.023214285714285715,9827,0.10392857142857143
7,2400,2783,0.17625,354,0.24583333333333332,16559,0.10333333333333333
2,9800,11374,0.1923469387755102,4293,0.4330612244897959,29133,0.10244897959183673
7,2500,3002,0.204,405,0.1004,7541,0.0936
7,2600,3589,0.18,476,0.5396153846153846,10429,0.10076923076923076
5,3200,4194,0.1828125,479,0.155,32855,0.1128125
6,2900,3259,0.19517241379310346,789,0.09482758620689655,28901,0.10103448275862069
2,9900,11283,0.18727272727272729,3034,0.06555555555555556,38055,0.10141414141414141
5,3300,4789,0.1990909090909091,725,0.01,30331,0.10515151515151515
7,2700,2977,0.21888888888888888,1086,0.16777777777777778,38912,0.1174074074074074
6,3000,3670,0.174,1177,0.3596666666666667,61775,0.09633333333333334
6,3100,4391,0.18419354838709678,350,0,2981,0.11258064516129032
2,10000,12955,0.1923,2729,0.1419,32490,0.1036
8,100,205,0.09,20,0,154,0.12
8,200,269,0.065,116,0.485,187,0.1
8,300,325,0.37,59,0,227,0.10333333333333333
8,400,425,0.1525,101,0,293,0.0975
8,500,633,0.112,373,0,47601,0.102
7,2800,4197,0.175,390,0.0275,82444,0.10321428571428572
5,3400,4074,0.16794117647058823,677,0.04911764705882353,87603,0.10294117647058823
8,600,741,0.14833333333333334,59,0,469,0.13833333333333334
8,700,945,0.2814285714285714,433,0.15714285714285714,549,0.09428571428571429
8,800,913,0.16125,108,0,629,0.10875
8,900,1202,0.10888888888888888,129,0.23777777777777778,7433,0.09666666666666666
8,1000,1869,0.209,107,0.084,1388,0.09
8,1100,1279,0.12363636363636364,212,0.2772727272727273,1466,0.11545454545454545
8,1200,1234,0.20833333333333334,202,0.235,1554,0.12083333333333333
8,1300,1538,0.1176923076923077,162,0.13230769230769232,1807,0.10461538461538461
5,3500,5243,0.2002857142857143,1296,0.396,47400,0.09828571428571428
7,2900,3080,0.16620689655172413,398,0.034482758620689655,61584,0.09793103448275862
8,1400,1870,0.26785714285714285,1397,0.01,40053,0.11785714285714285
8,1500,2116,0.17466666666666666,228,0.18666666666666668,1938,0.10333333333333333
8,1600,1801,0.17125,2884,0.111875,25966,0.11125
5,3600,4105,0.16,746,0.0125,45620,0.11
5,3700,6230,0.18,544,0.018108108108108107,6090,0.10351351351351351
8,1700,1920,0.12,204,0.17058823529411765,12446,0.10588235294117647
7,3000,3496,0.20533333333333334,453,0.12,49633,0.09933333333333333
6,3200,4298,0.203125,1275,0.36,168934,0.1028125
8,1800,2046,0.20222222222222222,225,0.021666666666666667,7735,0.09944444444444445
7,3100,3709,0.1803225806451613,846,0.3841935483870968,7566,0.09774193548387097
6,3300,3887,0.21636363636363637,2210,0.030606060606060605,3945,0.11151515151515151
8,1900,2135,0.1636842105263158,365,0.11947368421052632,1613,0.09842105263157895
6,3400,4064,0.20411764705882354,531,0.4873529411764706,4898,0.09411764705882353
8,2000,2214,0.1545,613,0.029,28421,0.0985
5,3800,4302,0.19815789473684212,401,0,44687,0.10236842105263158
8,2100,2465,0.14523809523809525,239,0.017619047619047618,2695,0.11190476190476191
5,3900,8058,0.19974358974358974,1650,0.03128205128205128,3009,0.09512820512820513
8,2200,2367,0.18181818181818182,356,0,15265,0.11045454545454546
5,4000,4642,0.155,729,0.01725,4099,0.11075
6,3500,3884,0.16,443,0.023714285714285716,46698,0.09742857142857143
5,4100,4386,0.19170731707317074,772,0.42560975609756097,4244,0.10073170731707318
8,2300,2818,0.17739130434782607,271,0.1426086956521739,16995,0.10173913043478261
6,3600,3598,0.1825,909,0.15055555555555555,13106,0.10666666666666667
5,4200,5399,0.1911904761904762,822,0.0869047619047619,10158,0.10333333333333333
8,2400,2781,0.16958333333333334,487,0.07375,50017,0.09916666666666667
8,2500,2634,0.1628,353,0.0228,12892,0.116
5,4300,4770,0.1755813953488372,657,0.03186046511627907,59316,0.10209302325581396
7,3200,3538,0.180625,1833,0.503125,149093,0.1028125
7,3300,3622,0.21151515151515152,665,0.4796969696969697,4838,0.1003030303030303
8,2600,3457,0.2573076923076923,353,0.06923076923076923,14525,0.11576923076923076
6,3700,4181,0.19675675675675675,9266,0.3248648648648649,76565,0.10054054054054054
8,2700,3060,0.17185185185185184,515,0.1962962962962963,2919,0.10925925925925926
6,3800,4305,0.2031578947368421,927,0.11210526315789474,8226,0.10157894736842105
7,3400,4062,0.18176470588235294,590,0.24382352941176472,22201,0.09852941176470588
6,3900,4013,0.17974358974358975,1425,0.1423076923076923,3751,0.11102564102564103
5,4400,4966,0.19022727272727272,1083,0.04045454545454545,43628,0.10477272727272727
7,3500,4363,0.18142857142857144,559,0.3522857142857143,4521,0.10171428571428572
6,4000,4507,0.219,787,0.31275,3971,0.1045
8,2800,3076,0.1982142857142857,471,0.05,35078,0.10785714285714286
6,4100,4615,0.2046341463414634,452,0,4015,0.09829268292682927
7,3600,4113,0.19555555555555557,765,0.14527777777777778,5843,0.10333333333333333
5,4500,5451,0.17044444444444445,574,0.29444444444444445,29546,0.118
5,4600,7191,0.19891304347826086,1219,0.3791304347826087,5725,0.10239130434782609
8,2900,3587,0.18482758620689654,397,0.02620689655172414,40078,0.1
7,3700,4101,0.19675675675675675,863,0.010810810810810811,38837,0.11081081081081082
5,4700,6268,0.15872340425531914,904,0.09170212765957447,3981,0.09723404255319149
7,3800,4421,0.19921052631578948,1086,0.06315789473684211,59612,0.10842105263157895
8,3000,3215,0.22933333333333333,963,0.037333333333333336,65029,0.112
7,3900,4533,0.18384615384615385,538,0,3811,0.10692307692307693
5,4800,5965,0.18541666666666667,1265,0.06208333333333333,63370,0.10479166666666667
8,3100,4916,0.1925806451612903,975,0.3738709677419355,31655,0.10516129032258065
5,4900,5594,0.18244897959183673,738,0.05877551020408163,27362,0.09306122448979592
6,4200,4918,0.20238095238095238,1316,0.435,148320,0.10404761904761904
8,3200,3819,0.18,708,0.03125,2794,0.105
8,3300,3935,0.17363636363636364,649,0.1918181818181818,2681,0.10303030303030303
8,3400,4418,0.18764705882352942,982,0,5132,0.10176470588235294
8,3500,4765,0.20914285714285713,656,0.2948571428571429,5214,0.10485714285714286
6,4300,5537,0.18976744186046512,929,0.12348837209302325,26720,0.10116279069767442
5,5000,5759,0.1714,1154,0.0872,27506,0.1038
5,5100,5711,0.18137254901960784,1025,0.03627450980392157,6354,0.09745098039215687
7,4000,4945,0.19475,879,0.263,143852,0.11075
8,3600,4029,0.20055555555555554,711,0.004722222222222222,80027,0.10166666666666667
7,4100,4902,0.16853658536585367,597,0,22438,0.10195121951219512
8,3700,4248,0.2281081081081081,507,0.023243243243243242,23496,0.09864864864864865
5,5200,6238,0.19826923076923078,1989,0.12903846153846155,89697,0.10096153846153846
5,5300,7553,0.2018867924528302,660,0.08377358490566038,96014,0.10245283018867925
7,4200,5076,0.15523809523809523,745,0.040952380952380955,110575,0.11190476190476191
5,5400,6060,0.1937037037037037,897,0,5094,0.11222222222222222
7,4300,4942,0.2141860465116279,719,0.10465116279069768,7747,0.09883720930232558
8,3800,4109,0.21394736842105264,3062,0.15657894736842104,122695,0.10078947368421053
5,5500,7153,0.216,1906,0.18563636363636363,5812,0.1070909090909091
7,4400,5307,0.19704545454545455,642,0.049545454545454545,4893,0.10363636363636364
8,3900,4940,0.2287179487179487,954,0,3303,0.10692307692307693
6,4400,5172,0.1990909090909091,1497,0.41113636363636363,249194,0.10681818181818181
5,5600,7215,0.15767857142857142,1941,0.2569642857142857,5847,0.11464285714285714
6,4500,5149,0.1988888888888889,1096,0.12911111111111112,4124,0.10822222222222222
8,4000,5705,0.20775,1553,0.011,16476,0.10675
7,4500,4549,0.1922222222222222,1019,0.12711111111111112,27071,0.10177777777777777
6,4600,4866,0.19434782608695653,1502,0.14608695652173914,17087,0.10282608695652173
8,4100,5272,0.18682926829268293,1015,0.36902439024390243,22593,0.10341463414634146
5,5700,9890,0.18052631578947367,980,0.005789473684210527,37184,0.10859649122807018
7,4600,4969,0.19304347826086957,1407,0.13043478260869565,27496,0.1058695652173913
6,4700,8256,0.2174468085106383,1838,0.2776595744680851,62772,0.10148936170212766
5,5800,7405,0.18827586206896552,2028,0.06482758620689655,47802,0.10551724137931034
8,4200,5112,0.21928571428571428,2765,0.2119047619047619,68237,0.09380952380952381
6,4800,5514,0.169375,563,0.15625,21294,0.10354166666666667
5,5900,6824,0.18457627118644068,1185,0.005593220338983051,40719,0.10830508474576271
8,4300,5688,0.19232558139534883,861,0,67511,0.1055813953488372
5,6000,7549,0.18266666666666667,1077,0.17666666666666667,35763,0.10383333333333333
7,4700,5978,0.2125531914893617,1043,0.25170212765957445,139162,0.10638297872340426
8,4400,5872,0.1784090909090909,2275,0.18886363636363637,7906,0.10022727272727272
6,4900,5440,0.2153061224489796,1250,0.17714285714285713,75226,0.10122448979591837
6,5000,5208,0.1876,688,0.1652,4470,0.1094
5,6100,6896,0.20704918032786884,1744,0.0921311475409836,18584,0.1062295081967213
7,4800,4999,0.17895833333333333,1332,0.3325,15915,0.1025
8,4500,5335,0.18422222222222223,623,0.288,27451,0.10933333333333334
8,4600,6255,0.18717391304347827,810,0.034565217391304345,24694,0.1041304347826087
5,6200,7435,0.19790322580645162,1661,0.07516129032258065,44169,0.10467741935483871
6,5100,5607,0.19411764705882353,1097,0.2627450980392157,57230,0.1103921568627451
8,4700,6271,0.18404255319148935,1084,0,5629,0.10212765957446808
6,5200,6486,0.1753846153846154,725,0.17173076923076924,19500,0.09826923076923078
5,6300,7293,0.20238095238095238,1786,0.044444444444444446,29017,0.09650793650793651
6,5300,6142,0.1811320754716981,676,0.17528301886792452,9827,0.10547169811320754
5,6400,7787,0.1921875,1408,0.0284375,6590,0.10390625
6,5400,5863,0.17037037037037037,999,0.3424074074074074,7949,0.10018518518518518
5,6500,7996,0.17969230769230768,1180,0.05923076923076923,5898,0.09892307692307692
7,4900,5241,0.1763265306122449,1266,0.032857142857142856,115541,0.11408163265306122
8,4800,6223,0.17520833333333333,1005,0.0075,74887,0.10479166666666667
6,5500,5938,0.20545454545454545,1244,0.38781818181818184,25233,0.10472727272727272
8,4900,5849,0.22081632653061226,757,0.06142857142857143,64415,0.10428571428571429
5,6600,7780,0.16757575757575757,1306,0.11818181818181818,86987,0.10606060606060606
7,5000,5969,0.1738,1697,0.145,102972,0.1064
6,5600,6455,0.15303571428571427,1017,0,73654,0.10321428571428572
7,5100,6304,0.18725490196078431,1022,0.503921568627451,79022,0.10450980392156863
8,5000,5741,0.2046,1693,0.032,99863,0.1058
5,6700,8425,0.19970149253731342,1457,0.1271641791044776,99048,0.1108955223880597
7,5200,5500,0.1946153846153846,877,0.051153846153846154,4541,0.10807692307692307
7,5300,5818,0.20867924528301887,972,0,19385,0.10264150943396226
6,5700,6635,0.21350877192982456,931,0.1543859649122807,124470,0.1080701754385965
7,5400,6222,0.19944444444444445,933,0.0005555555555555556,25461,0.10166666666666667
6,5800,5985,0.20310344827586208,4424,0.03844827586206897,15821,0.11172413793103449
6,5900,5858,0.18949152542372882,1061,0.45847457627118643,114973,0.10491525423728813
8,5100,6161,0.16549019607843138,2198,0.0025490196078431374,182197,0.10294117647058823
7,5500,7857,0.1938181818181818,715,0.11618181818181818,117459,0.10254545454545455
8,5200,6310,0.18769230769230769,1318,0.04673076923076923,48669,0.10461538461538461
5,6800,7795,0.1986764705882353,2359,0.0375,234377,0.10352941176470588
8,5300,5950,0.22150943396226416,707,0.005283018867924529,100472,0.10377358490566038
6,6000,6255,0.2105,1938,0.03983333333333333,157529,0.10433333333333333
7,5600,6224,0.20392857142857143,903,0.015714285714285715,169102,0.11160714285714286
6,6100,7084,0.20491803278688525,1814,0.24737704918032788,9022,0.10278688524590164
5,6900,7349,0.19695652173913045,1038,0.014202898550724638,141839,0.1082608695652174
7,5700,7397,0.2080701754385965,1002,0.07824561403508772,23945,0.11105263157894738
7,5800,6609,0.19689655172413792,1580,0.05224137931034483,23358,0.10517241379310345
6,6200,7079,0.18564516129032257,2187,0.45903225806451614,67314,0.10419354838709677
8,5400,6575,0.20351851851851852,778,0.06018518518518518,106965,0.10740740740740741
6,6300,7188,0.20904761904761904,1176,0.05412698412698413,106269,0.10238095238095238
8,5500,5751,0.20163636363636364,2155,0.19618181818181818,90902,0.104
7,5900,6200,0.1893220338983051,2831,0.19152542372881357,146134,0.10305084745762712
5,7000,8455,0.19285714285714287,1648,0.13914285714285715,184461,0.11114285714285714
8,5600,6445,0.2019642857142857,1622,0.19303571428571428,20176,0.11142857142857143
5,7100,10581,0.18690140845070422,1340,0.09971830985915493,27127,0.10535211267605633
6,6400,7490,0.1971875,1119,0.03703125,58093,0.101875
7,6000,7709,0.17783333333333334,2691,0.17066666666666666,36129,0.10766666666666666
8,5700,6437,0.21473684210526317,669,0.002105263157894737,32152,0.1031578947368421
5,7200,9129,0.1825,1311,0.02861111111111111,39828,0.09972222222222223
6,6500,6444,0.19846153846153847,944,0.028615384615384615,45039,0.10661538461538461
5,7300,9594,0.1967123287671233,1425,0.11438356164383562,12519,0.10863013698630138
6,6600,7473,0.17,1395,0.39484848484848484,12148,0.10772727272727273
7,6100,6906,0.19967213114754098,11845,0.012622950819672131,55990,0.10655737704918032
8,5800,7051,0.20862068965517241,1737,0.26586206896551723,79895,0.09344827586206897
5,7400,8952,0.17986486486486486,3130,0.3491891891891892,7212,0.10310810810810811
7,6200,6951,0.20758064516129032,1150,0.1325806451612903,13433,0.10564516129032259
8,5900,6935,0.20389830508474577,1781,0.2011864406779661,7236,0.10067796610169491
6,6700,6859,0.22328358208955223,835,0.18388059701492537,39598,0.10238805970149253
5,7500,8802,0.2012,2019,0.3253333333333333,40605,0.09973333333333333
6,6800,7460,0.17294117647058824,3238,0.23411764705882354,29236,0.10191176470588235
5,7600,10430,0.19394736842105262,2474,0.10223684210526315,12681,0.10605263157894737
8,6000,7630,0.1875,2871,0.15766666666666668,94434,0.09916666666666667
7,6300,6980,0.18126984126984128,1240,0.12634920634920635,156210,0.10174603174603175
5,7700,10298,0.19805194805194806,1325,0.04350649350649351,80831,0.1012987012987013
6,6900,8754,0.17449275362318842,969,0.13898550724637682,169221,0.09898550724637681
7,6400,7114,0.18484375,764,0.004375,74484,0.10953125
5,7800,9597,0.21064102564102563,2431,0.07179487179487179,72057,0.10423076923076922
8,6100,6919,0.21262295081967214,2034,0.25049180327868853,147508,0.10065573770491804
5,7900,9448,0.1681012658227848,5751,0.03050632911392405,11449,0.10265822784810126
7,6500,7039,0.20753846153846153,1935,0.24507692307692308,22831,0.10092307692307692
6,7000,7799,0.19085714285714286,1275,0.007714285714285714,53423,0.10257142857142858
8,6200,7671,0.18516129032258064,1700,0.11451612903225807,24860,0.10258064516129033
6,7100,8138,0.20929577464788732,2070,0.1364788732394366,25218,0.10549295774647888
8,6300,8080,0.21444444444444444,2268,0.15349206349206349,27305,0.10603174603174603
7,6600,9339,0.1684848484848485,1253,0.09984848484848485,62566,0.09878787878787879
5,8000,9679,0.174125,2793,0.1465,105178,0.106875
6,7200,7612,0.18055555555555555,1570,0.034027777777777775,91422,0.1063888888888889
5,8100,10320,0.1685185185185185,1934,0.04135802469135803,52326,0.10617283950617284
7,6700,8653,0.18313432835820895,1127,0.22208955223880597,109555,0.10313432835820896
8,6400,7385,0.1946875,807,0.06359375,119674,0.09609375
6,7300,8251,0.19232876712328767,2174,0.42383561643835616,58727,0.1015068493150685
8,6500,8201,0.1843076923076923,3408,0.15753846153846154,28819,0.09938461538461539
6,7400,8794,0.19067567567567567,1267,0.0745945945945946,20602,0.10851351351351352
8,6600,8263,0.20106060606060605,1340,0.1296969696969697,20316,0.10621212121212122
7,6800,7235,0.1935294117647059,1382,0.2273529411764706,79343,0.10235294117647059
6,7500,8271,0.19586666666666666,1526,0.20853333333333332,12436,0.1032
8,6700,9187,0.1873134328358209,3519,0.2702985074626866,19210,0.10432835820895522
5,8200,10150,0.19695121951219513,1072,0.09304878048780488,107291,0.10829268292682927
7,6900,8216,0.1817391304347826,2585,0.1353623188405797,42841,0.11
5,8300,10399,0.21132530120481927,1764,0.002891566265060241,30129,0.1044578313253012
8,6800,8964,0.18911764705882353,1355,0.03558823529411765,35524,0.1063235294117647
6,7600,9388,0.19815789473684212,2389,0.10447368421052632,53258,0.10144736842105263
7,7000,8492,0.20971428571428571,1201,0.27714285714285714,15547,0.09985714285714285
6,7700,8365,0.18532467532467534,2412,0.12142857142857143,52191,0.11025974025974027
7,7100,8479,0.1947887323943662,910,0.04830985915492958,43856,0.09802816901408451
8,6900,8420,0.18884057971014492,1755,0,81447,0.10478260869565217
5,8400,10144,0.205,5556,0.11714285714285715,89494,0.10488095238095238
7,7200,7846,0.1925,2660,0.21930555555555556,73045,0.10347222222222222
6,7800,9024,0.20474358974358975,2177,0.3302564102564103,73318,0.1032051282051282
5,8500,10031,0.2051764705882353,1084,0,40908,0.10364705882352941
7,7300,8118,0.2193150684931507,1302,0.11123287671232877,11488,0.11027397260273973
6,7900,8818,0.20417721518987342,2585,0.2150632911392405,24616,0.10367088607594936
8,7000,8206,0.20257142857142857,1699,0.05242857142857143,92072,0.09714285714285714
5,8600,9957,0.2036046511627907,2366,0.06313953488372093,29448,0.10290697674418604
7,7400,8662,0.18364864864864866,1186,0.09635135135135135,39374,0.10148648648648649
5,8700,11439,0.1932183908045977,1808,0.10862068965517241,19004,0.10080459770114943
6,8000,9170,0.172625,2137,0,35602,0.098375
5,8800,11501,0.19852272727272727,1291,0.09636363636363636,13994,0.10727272727272727
6,8100,9911,0.19925925925925925,2475,0.05703703703703704,19751,0.10358024691358024
7,7500,8810,0.19453333333333334,1105,0.13146666666666668,35849,0.106
8,7100,8085,0.21535211267605633,2073,0.11253521126760563,71049,0.10338028169014085
5,8900,9926,0.1852808988764045,2407,0.07247191011235955,41160,0.10516853932584269
7,7600,9949,0.20355263157894737,2997,0.20710526315789474,27960,0.10697368421052632
6,8200,8793,0.19658536585365854,1645,0.055,34822,0.10353658536585365
8,7200,8720,0.19569444444444445,1198,0.044583333333333336,47351,0.11013888888888888
5,9000,12834,0.205,2672,0.030222222222222223,10636,0.1068888888888889
7,7700,9252,0.19168831168831169,1472,0.07194805194805194,14889,0.11363636363636363
5,9100,11474,0.20098901098901098,1529,0.34175824175824177,112598,0.10329670329670329
7,7800,8328,0.18461538461538463,1826,0.06243589743589743,231919,0.10397435897435897
6,8300,9206,0.21060240963855423,1770,0.11072289156626507,258891,0.10554216867469879
8,7300,7755,0.18164383561643835,2241,0.1963013698630137,392838,0.1010958904109589
7,7900,9439,0.17265822784810125,2124,0.06734177215189874,146142,0.11215189873417722
6,8400,9261,0.1894047619047619,1606,0,141955,0.10952380952380952
6,8500,8956,0.1868235294117647,2372,0.44741176470588234,7642,0.1028235294117647
8,7400,8638,0.18945945945945947,2811,0.19216216216216217,11970,0.10162162162162162
8,7500,8934,0.2036,931,0,9326,0.1044
5,9200,13095,0.18989130434782608,2282,0.22902173913043478,305377,0.10456521739130435
6,8600,9400,0.1986046511627907,1534,0.25813953488372093,35235,0.10767441860465116
8,7600,9049,0.17776315789473685,3152,0.3952631578947368,15025,0.10907894736842105
7,8000,11211,0.171,1752,0.011875,66586,0.10175
6,8700,9906,0.1906896551724138,1486,0.2558620689655172,19801,0.1074712643678161
7,8100,11310,0.19074074074074074,1232,0.0017283950617283952,21128,0.10740740740740741
5,9300,12053,0.18559139784946235,2277,0.2821505376344086,269720,0.10376344086021505
8,7700,9194,0.2074025974025974,2068,0.05285714285714286,251353,0.10051948051948052
6,8800,11657,0.20272727272727273,1928,0.008068181818181818,229102,0.10363636363636364
7,8200,9805,0.19865853658536586,1792,0.25621951219512196,217084,0.10548780487804878
5,9400,11439,0.20808510638297872,2192,0.06925531914893616,29635,0.11031914893617022
7,8300,10028,0.2053012048192771,3123,0.02746987951807229,18468,0.10506024096385543
5,9500,11999,0.16705263157894737,2178,0.05778947368421053,37442,0.1071578947368421
7,8400,11380,0.17952380952380953,2517,0.12238095238095238,40314,0.10571428571428572
8,7800,9185,0.19833333333333333,1475,0.04846153846153846,90735,0.10256410256410256
6,8900,9835,0.18146067415730338,3714,0.08393258426966292,83252,0.1050561797752809
8,7900,8671,0.20126582278481012,3267,0.08734177215189873,15459,0.10189873417721519
5,9600,12675,0.19572916666666668,3022,0.07177083333333334,59787,0.099375
6,9000,9346,0.20822222222222223,1952,0.06722222222222222,114740,0.10944444444444444
5,9700,12121,0.18649484536082475,2311,0.04298969072164949,125397,0.1056701030927835
7,8500,10937,0.18564705882352942,1669,0.1295294117647059,202749,0.10717647058823529
6,9100,10435,0.19417582417582419,1388,0.07241758241758242,105840,0.10824175824175825
5,9800,10791,0.19448979591836735,2500,0.008877551020408164,30641,0.10163265306122449
7,8600,10449,0.18767441860465117,2066,0,47258,0.10430232558139535
8,8000,10136,0.172875,2747,0.193375,241135,0.1065
5,9900,13773,0.18494949494949495,1919,0.00040404040404040404,45835,0.10858585858585859
6,9200,10459,0.19543478260869565,2393,0.3308695652173913,61837,0.105
7,8700,12013,0.1660919540229885,2286,0.03436781609195402,55003,0.10206896551724139
8,8100,9638,0.20148148148148148,1171,0.2732098765432099,59070,0.1025925925925926
5,10000,12677,0.1853,3256,0.0747,23607,0.103
6,9300,10846,0.20913978494623656,1277,0.02258064516129032,17953,0.1053763440860215
7,8800,11301,0.20113636363636364,1736,0.20613636363636365,6323,0.10852272727272727
8,8200,10529,0.20512195121951218,3384,0.07439024390243902,5841,0.10414634146341463
6,9400,9405,0.2102127659574468,2911,0.14468085106382977,6501,0.10382978723404256
7,8900,9998,0.20179775280898876,1664,0.027865168539325844,6266,0.09617977528089888
8,8300,8093,0.203855421686747,1347,0.15493975903614457,5854,0.10313253012048193
6,9500,8909,0.18157894736842106,2093,0.05336842105263158,6697,0.10526315789473684
7,9000,9313,0.20622222222222222,4252,0.20433333333333334,6567,0.09755555555555556
8,8400,8115,0.18488095238095237,1312,0.0025,5929,0.10821428571428572
6,9600,10712,0.20572916666666666,1935,0.20447916666666666,6957,0.10770833333333334
7,9100,9565,0.2053846153846154,1471,0.031538461538461536,6363,0.10538461538461538
8,8500,8592,0.21552941176470589,3686,0.27341176470588235,6208,0.1031764705882353
6,9700,9777,0.18670103092783505,3711,0.013298969072164948,6727,0.10278350515463917
7,9200,9592,0.2058695652173913,3799,0.05478260869565217,6941,0.10021739130434783
8,8600,8732,0.1836046511627907,4479,0.027906976744186046,6053,0.1091860465116279
6,9800,9165,0.19122448979591836,2859,0.553265306122449,6965,0.10591836734693877
7,9300,10568,0.21053763440860215,1254,0.011827956989247311,6429,0.10225806451612904
8,8700,9028,0.21482758620689654,5535,0.1864367816091954,6083,0.10770114942528736
6,9900,10472,0.19676767676767676,2836,0.3115151515151515,7301,0.10555555555555556
7,9400,9865,0.1752127659574468,1453,0.1226595744680851,6781,0.10882978723404255
8,8800,8797,0.17681818181818182,1956,0.04988636363636364,6315,0.10295454545454545
6,10000,10118,0.1987,2668,0.0198,6946,0.1017
7,9500,11012,0.2196842105263158,1643,0.04568421052631579,7151,0.10073684210526315
8,8900,8915,0.18831460674157302,2307,0.04269662921348315,6131,0.10685393258426966
8,9000,8623,0.1902222222222222,1628,0.1741111111111111,6176,0.10777777777777778
7,9600,10991,0.20239583333333333,1830,0.0246875,6691,0.10510416666666667
8,9100,9139,0.21076923076923076,2152,0.12032967032967033,6142,0.10164835164835165
7,9700,10816,0.20525773195876287,2913,0.37268041237113403,6720,0.10628865979381444
8,9200,10004,0.1958695652173913,7099,0.105,6400,0.10065217391304347
7,9800,10301,0.19714285714285715,2338,0.020612244897959184,7120,0.10142857142857142
7,9900,10018,0.177979797979798,1935,0.2103030303030303,6845,0.11
8,9300,9545,0.20516129032258065,6129,0.14709677419354839,6288,0.10376344086021505
7,10000,10554,0.2045,2035,0.1079,6702,0.1011
8,9400,9310,0.17904255319148937,1989,0.28712765957446806,6336,0.105
8,9500,9403,0.1976842105263158,1677,0.013789473684210527,6409,0.10231578947368421
8,9600,9493,0.2171875,4556,0.13166666666666665,6486,0.10270833333333333
8,9700,9149,0.19938144329896906,1375,0.0021649484536082476,6301,0.09824742268041237
8,9800,9442,0.18489795918367347,1651,0,6509,0.09928571428571428
8,9900,9565,0.22454545454545455,2458,0.39616161616161616,6654,0.10838383838383839
8,10000,10663,0.2125,2105,0.1462,6794,0.1057
