2,100,16,0.02,9,0.04,5,0.02
1,100,16,0.02,8,0.07,4,0
3,100,15,0.01,8,0,5,0.02
4,100,17,0,8,0.04,4,0.02
2,200,18,0,12,0,9,0.02
3,200,17,0,12,0.02,10,0.02
1,200,19,0.06,13,0,10,0.03
4,200,16,0.035,13,0.015,10,0.01
3,300,23,0.006666666666666667,16,0.01,14,0.01
2,300,25,0.01,15,0.0033333333333333335,16,0.013333333333333334
1,300,25,0.01,16,0.04,16,0.013333333333333334
4,300,26,0.043333333333333335,17,0.0033333333333333335,19,0
3,400,29,0.035,19,0.0025,21,0.02
2,400,29,0.01,19,0,22,0.01
1,400,34,0.005,21,0.0075,24,0.02
4,400,33,0.0175,21,0.0025,26,0.0225
3,500,37,0.03,23,0.026,29,0.016
2,500,39,0.038,23,0.01,29,0.01
1,500,42,0.034,25,0.028,31,0.016
4,500,39,0.006,25,0.01,32,0.012
2,600,43,0.03333333333333333,27,0.016666666666666666,37,0.011666666666666667
3,600,48,0.025,27,0.015,37,0.02
1,600,54,0.015,28,0.0033333333333333335,40,0.02
4,600,48,0.035,30,0.008333333333333333,41,0.011666666666666667
2,700,47,0.024285714285714285,32,0.004285714285714286,43,0.005714285714285714
3,700,55,0.02142857142857143,32,0.015714285714285715,46,0.011428571428571429
1,700,54,0.024285714285714285,31,0.007142857142857143,48,0.004285714285714286
4,700,53,0.02,33,0.007142857142857143,51,0.01
2,800,61,0.015,36,0.01,53,0.0125
3,800,66,0.0125,36,0.00875,55,0.01875
1,800,72,0.01375,37,0.00875,54,0.01
4,800,62,0.0175,37,0.00625,59,0.015
2,900,74,0.014444444444444444,38,0.008888888888888889,65,0.015555555555555555
1,900,65,0.014444444444444444,39,0.013333333333333334,67,0.0077777777777777776
4,900,67,0.015555555555555555,40,0.01,69,0.011111111111111112
2,1000,89,0.014,44,0.015,73,0.013
3,900,121,0.025555555555555557,183,0.025555555555555557,65,0.0077777777777777776
1,1000,89,0.021,44,0.015,74,0.015
4,1000,75,0.01,45,0.006,75,0.009
3,1000,110,0.013,42,0.019,70,0.013
2,1100,103,0.024545454545454544,49,0.014545454545454545,76,0.00909090909090909
1,1100,77,0.02090909090909091,46,0.01818181818181818,83,0.013636363636363636
4,1100,82,0.01818181818181818,49,0.016363636363636365,84,0.01
3,1100,91,0.024545454545454544,48,0.007272727272727273,79,0.01090909090909091
2,1200,116,0.018333333333333333,52,0.015,84,0.0175
1,1200,92,0.025,51,0.023333333333333334,94,0.011666666666666667
4,1200,96,0.015833333333333335,53,0.0033333333333333335,89,0.020833333333333332
3,1200,89,0.018333333333333333,49,0.008333333333333333,97,0.016666666666666666
1,1300,121,0.027692307692307693,57,0.016153846153846154,92,0.014615384615384615
3,1300,92,0.013846153846153847,55,0.022307692307692306,92,0.013846153846153847
4,1300,228,0.009230769230769232,150,0.013076923076923076,101,0.014615384615384615
1,1400,132,0.015714285714285715,63,0.017142857142857144,115,0.010714285714285714
2,1300,210,0.016923076923076923,357,0.03076923076923077,108,0.016153846153846154
4,1400,112,0.015714285714285715,62,0.007857142857142858,109,0.018571428571428572
4,1500,121,0.026,63,0.014666666666666666,119,0.017333333333333333
3,1400,187,0.022857142857142857,376,0.005,106,0.008571428571428572
1,1500,227,0.015333333333333332,465,0.014,115,0.009333333333333334
3,1500,119,0.011333333333333334,64,0.008,117,0.012666666666666666
4,1600,122,0.014375,69,0.016875,118,0.016875
2,1400,226,0.016428571428571428,463,0.015,114,0.017142857142857144
3,1600,122,0.01625,65,0.005625,113,0.011875
4,1700,124,0.015294117647058824,72,0.027647058823529413,130,0.01411764705882353
2,1500,113,0.017333333333333333,64,0.013333333333333334,102,0.016666666666666666
1,1600,174,0.01625,69,0.004375,126,0.0125
4,1800,132,0.012222222222222223,78,0.03277777777777778,130,0.01888888888888889
1,1700,123,0.015294117647058824,71,0.015294117647058824,121,0.012352941176470587
2,1600,282,0.015625,67,0.0025,120,0.00875
1,1800,201,0.017222222222222222,75,0.013333333333333334,129,0.015
2,1700,116,0.018823529411764704,70,0.01,124,0.011764705882352941
4,1900,258,0.020526315789473684,83,0.011578947368421053,158,0.01631578947368421
3,1700,337,0.013529411764705882,632,0.019411764705882354,131,0.014705882352941176
1,1900,155,0.015789473684210527,80,0.016842105263157894,141,0.015263157894736841
2,1800,135,0.011111111111111112,73,0.01,130,0.013333333333333334
4,2000,143,0.0075,85,0.012,158,0.0195
3,1800,134,0.016666666666666666,75,0.010555555555555556,106,0.015555555555555555
2,1900,186,0.020526315789473684,81,0.01368421052631579,138,0.012105263157894737
1,2000,159,0.0225,87,0.0075,181,0.015
4,2100,186,0.016666666666666666,87,0.015714285714285715,158,0.015238095238095238
3,1900,122,0.012105263157894737,98,0.014210526315789474,76,0.01263157894736842
2,2000,144,0.017,85,0.023,151,0.011
1,2100,182,0.015714285714285715,94,0.005714285714285714,188,0.011904761904761904
3,2000,208,0.013,121,0.022,80,0.0145
4,2200,175,0.01681818181818182,94,0.014545454545454545,175,0.015
3,2100,270,0.017142857142857144,92,0.015714285714285715,83,0.012380952380952381
4,2300,240,0.02043478260869565,96,0.010869565217391304,169,0.018260869565217393
3,2200,256,0.020454545454545454,102,0.011363636363636364,87,0.013636363636363636
4,2400,224,0.020833333333333332,99,0.009166666666666667,188,0.014166666666666666
3,2300,198,0.014347826086956521,103,0.01565217391304348,90,0.011304347826086957
2,2100,406,0.020476190476190478,960,0.010952380952380953,142,0.014761904761904763
4,2500,205,0.0184,104,0.0144,184,0.0196
3,2400,230,0.02,107,0.007083333333333333,97,0.015
2,2200,240,0.015454545454545455,90,0.004545454545454545,172,0.016363636363636365
4,2600,364,0.01653846153846154,112,0.012307692307692308,181,0.015
3,2500,250,0.02,101,0.0132,200,0.014
2,2300,172,0.01565217391304348,95,0.014347826086956521,179,0.01391304347826087
1,2200,762,0.011818181818181818,1427,0.018636363636363635,167,0.015909090909090907
4,2700,234,0.015925925925925927,114,0.01074074074074074,199,0.014814814814814815
2,2400,222,0.021666666666666667,100,0.00875,189,0.015416666666666667
3,2600,217,0.016923076923076923,107,0.013076923076923076,201,0.015384615384615385
4,2800,209,0.02142857142857143,115,0.016428571428571428,202,0.0125
2,2500,179,0.014,103,0.004,180,0.0212
3,2700,172,0.017777777777777778,108,0.011111111111111112,194,0.00962962962962963
2,2600,218,0.02076923076923077,106,0.022692307692307692,209,0.015384615384615385
3,2800,235,0.01892857142857143,115,0.016428571428571428,215,0.013571428571428571
1,2300,477,0.014347826086956521,1318,0.011304347826086957,195,0.01565217391304348
4,2900,200,0.018275862068965518,654,0.010344827586206896,233,0.015172413793103448
3,2900,233,0.020344827586206895,120,0.019310344827586208,233,0.013793103448275862
1,2400,186,0.02,100,0.019583333333333335,168,0.015
4,3000,221,0.024666666666666667,125,0.015666666666666666,247,0.011666666666666667
3,3000,215,0.013666666666666667,122,0.014333333333333333,225,0.016666666666666666
1,2500,246,0.0224,105,0.0128,180,0.0132
1,2600,613,0.015384615384615385,110,0.01,216,0.013076923076923076
2,2700,694,0.015555555555555555,1816,0.00962962962962963,236,0.015925925925925927
1,2700,263,0.018518518518518517,114,0.013333333333333334,202,0.012962962962962963
2,2800,207,0.017857142857142856,116,0.01,228,0.011428571428571429
1,2800,234,0.015357142857142857,118,0.013928571428571429,212,0.013928571428571429
2,2900,210,0.010689655172413793,121,0.015517241379310345,238,0.013793103448275862
1,2900,245,0.012758620689655173,124,0.009655172413793104,218,0.016551724137931035
2,3000,243,0.008666666666666666,127,0.018333333333333333,245,0.013666666666666667
4,3100,835,0.02193548387096774,2454,0.016129032258064516,276,0.012903225806451613
3,3100,859,0.014516129032258065,2526,0.011935483870967743,282,0.01129032258064516
2,3100,218,0.016129032258064516,131,0.014516129032258065,246,0.015483870967741935
4,3200,256,0.0146875,132,0.0128125,252,0.0140625
3,3200,271,0.025625,129,0.01,237,0.0134375
2,3200,255,0.020625,131,0.0084375,250,0.015625
4,3300,346,0.016363636363636365,140,0.00909090909090909,249,0.013030303030303031
3,3300,323,0.019696969696969695,134,0.011212121212121211,254,0.014848484848484849
2,3300,267,0.02181818181818182,137,0.014848484848484849,251,0.013939393939393939
3,3400,348,0.01911764705882353,144,0.02,291,0.015294117647058824
2,3400,550,0.015,146,0.013235294117647059,269,0.014411764705882353
1,3000,805,0.023333333333333334,2280,0.010666666666666666,245,0.014
3,3500,243,0.015428571428571429,145,0.008857142857142857,278,0.013714285714285714
2,3500,244,0.016,145,0.008571428571428572,274,0.015142857142857144
1,3100,293,0.021612903225806453,126,0.012258064516129033,233,0.011612903225806452
3,3600,252,0.013888888888888888,152,0.013333333333333334,275,0.015555555555555555
2,3600,291,0.015833333333333335,150,0.014444444444444444,276,0.014444444444444444
3,3700,281,0.015675675675675675,186,0.010810810810810811,154,0.01783783783783784
2,3700,326,0.013783783783783784,155,0.011351351351351352,216,0.011891891891891892
1,3200,951,0.014375,134,0.016875,242,0.0121875
3,3800,321,0.02026315789473684,153,0.010789473684210526,290,0.015
1,3300,285,0.01818181818181818,138,0.01787878787878788,254,0.010606060606060607
2,3800,427,0.013947368421052632,720,0.02,157,0.013157894736842105
4,3400,1098,0.015588235294117648,3344,0.01088235294117647,335,0.016176470588235296
1,3400,366,0.013235294117647059,145,0.015,254,0.013529411764705882
2,3900,270,0.019487179487179488,160,0.013333333333333334,299,0.013076923076923076
2,4000,384,0.01575,168,0.01025,331,0.01525
2,4100,394,0.01975609756097561,174,0.015365853658536585,330,0.012195121951219513
4,3500,1189,0.015714285714285715,1189,0.011714285714285714,292,0.014571428571428572
4,3600,295,0.014444444444444444,153,0.014166666666666666,284,0.016944444444444446
4,3700,320,0.013243243243243243,156,0.00891891891891892,321,0.014324324324324324
4,3800,283,0.019473684210526317,159,0.02157894736842105,295,0.017631578947368422
1,3500,1110,0.018285714285714287,3655,0.009428571428571429,273,0.010857142857142857
4,3900,281,0.015128205128205128,165,0.014615384615384615,302,0.011538461538461539
1,3600,292,0.017777777777777778,150,0.010833333333333334,269,0.011944444444444445
3,3900,1684,0.017948717948717947,6509,0.014358974358974359,337,0.01282051282051282
1,3700,296,0.01972972972972973,1113,0.011621621621621621,281,0.012702702702702703
4,4000,1401,0.016,177,0.01275,299,0.013
3,4000,313,0.0155,167,0.01425,352,0.01525
3,4100,344,0.013902439024390244,171,0.013658536585365854,335,0.014634146341463415
4,4100,1437,0.013414634146341463,179,0.014634146341463415,330,0.014634146341463415
2,4200,1568,0.014761904761904763,5929,0.012380952380952381,350,0.019523809523809523
4,4200,317,0.016904761904761905,175,0.014285714285714285,325,0.014285714285714285
2,4300,349,0.015348837209302326,179,0.020465116279069766,328,0.011627906976744186
4,4300,441,0.014651162790697675,177,0.017674418604651163,362,0.014883720930232559
2,4400,429,0.013636363636363636,183,0.008863636363636363,340,0.014772727272727272
4,4400,323,0.01681818181818182,185,0.015,383,0.012727272727272728
2,4500,339,0.01888888888888889,192,0.012444444444444444,341,0.017555555555555557
4,4500,424,0.014222222222222223,183,0.013111111111111112,384,0.015111111111111112
4,4600,389,0.016956521739130436,198,0.015434782608695652,387,0.013260869565217392
1,3800,1515,0.01368421052631579,5249,0.021842105263157895,414,0.011842105263157895
3,4200,1896,0.010952380952380953,7591,0.015476190476190477,332,0.01380952380952381
3,4300,360,0.009302325581395349,193,0.01581395348837209,342,0.014651162790697675
4,4700,2618,0.012127659574468085,2695,0.01978723404255319,336,0.01574468085106383
3,4400,386,0.013863636363636364,192,0.013181818181818182,434,0.012272727272727272
4,4800,843,0.02,279,0.0175,496,0.015
3,4500,619,0.013777777777777778,704,0.017333333333333333,408,0.015111111111111112
4,4900,482,0.012244897959183673,226,0.013265306122448979,434,0.017551020408163264
3,4600,356,0.02391304347826087,216,0.012608695652173913,349,0.013695652173913043
1,3900,1726,0.014871794871794871,6910,0.015384615384615385,310,0.009743589743589744
4,5000,367,0.0114,232,0.0086,444,0.0166
2,4600,1830,0.013695652173913043,8984,0.012391304347826086,387,0.011956521739130435
1,4000,297,0.0125,169,0.0165,307,0.01625
3,4700,451,0.016382978723404256,204,0.012553191489361702,381,0.014042553191489362
4,5100,513,0.01607843137254902,215,0.015098039215686275,463,0.013333333333333334
4,5200,995,0.013846153846153847,227,0.013461538461538462,417,0.013846153846153847
4,5300,399,0.015660377358490567,242,0.01641509433962264,470,0.013018867924528301
4,5400,667,0.017592592592592594,236,0.014074074074074074,459,0.012777777777777779
4,5500,456,0.013454545454545455,238,0.012363636363636363,472,0.012545454545454545
4,5600,614,0.01660714285714286,240,0.02142857142857143,456,0.012857142857142857
4,5700,445,0.016666666666666666,232,0.01719298245614035,447,0.013157894736842105
1,4100,1928,0.020975609756097562,6828,0.014390243902439025,339,0.010487804878048781
4,5800,477,0.018275862068965518,239,0.009482758620689655,391,0.012241379310344828
1,4200,353,0.023809523809523808,178,0.010714285714285714,341,0.012142857142857143
1,4300,343,0.01697674418604651,180,0.01186046511627907,370,0.014883720930232559
4,5900,1793,0.01135593220338983,306,0.015932203389830507,244,0.013728813559322034
4,6000,556,0.015,600,0.015166666666666667,462,0.012833333333333334
2,4700,2655,0.013617021276595745,13166,0.010425531914893617,402,0.011063829787234043
4,6100,2237,0.015081967213114755,291,0.015737704918032787,250,0.012459016393442624
3,4800,3218,0.010833333333333334,14080,0.014791666666666667,433,0.016041666666666666
4,6200,1959,0.014838709677419355,296,0.012580645161290323,515,0.013709677419354839
3,4900,922,0.018571428571428572,230,0.015510204081632653,200,0.010816326530612244
4,6300,624,0.013333333333333334,287,0.01634920634920635,506,0.012857142857142857
3,5000,1108,0.0162,234,0.0132,200,0.014
3,5100,499,0.016274509803921568,249,0.01392156862745098,224,0.011764705882352941
4,6400,740,0.01625,299,0.0125,628,0.0121875
1,4400,1657,0.01681818181818182,9253,0.014772727272727272,372,0.014090909090909091
3,5200,1114,0.020576923076923076,249,0.016923076923076923,420,0.013846153846153847
4,6500,938,0.012615384615384615,350,0.012615384615384615,555,0.01523076923076923
4,6600,865,0.014696969696969696,285,0.011212121212121211,580,0.01196969696969697
4,6700,546,0.015522388059701492,283,0.019552238805970148,570,0.015074626865671641
2,4800,2933,0.020625,12970,0.013125,417,0.017291666666666667
2,4900,412,0.023061224489795917,198,0.012448979591836735,381,0.012857142857142857
2,5000,401,0.0192,204,0.01,372,0.0136
1,4500,2744,0.011555555555555555,9301,0.010888888888888889,422,0.013777777777777778
2,5100,496,0.013725490196078431,210,0.010980392156862745,384,0.01392156862745098
1,4600,353,0.019782608695652175,189,0.013695652173913043,397,0.013043478260869565
2,5200,386,0.017884615384615384,213,0.012884615384615385,396,0.011346153846153846
3,5300,2135,0.019056603773584906,10581,0.012264150943396227,431,0.014339622641509434
3,5400,518,0.012962962962962963,3031,0.013518518518518518,479,0.01462962962962963
3,5500,431,0.01818181818181818,245,0.012727272727272728,451,0.014363636363636363
3,5600,2779,0.020892857142857144,236,0.014107142857142856,429,0.015
3,5700,651,0.018596491228070177,234,0.010701754385964912,458,0.015087719298245613
1,4700,1807,0.019148936170212766,9815,0.018936170212765956,287,0.016595744680851062
3,5800,445,0.013448275862068966,237,0.020344827586206895,462,0.013275862068965517
1,4800,450,0.014791666666666667,197,0.015,382,0.016875
3,5900,535,0.019322033898305085,238,0.012033898305084745,457,0.01135593220338983
3,6000,465,0.0135,242,0.012666666666666666,473,0.012833333333333334
2,5300,2379,0.012830188679245283,11193,0.014339622641509434,448,0.015849056603773583
3,6100,563,0.013278688524590163,324,0.015737704918032787,253,0.012459016393442624
2,5400,523,0.012037037037037037,221,0.014074074074074074,397,0.01462962962962963
1,4900,2820,0.017142857142857144,209,0.011224489795918367,398,0.012653061224489797
1,5000,448,0.0184,220,0.0148,430,0.0132
3,6200,1700,0.022419354838709677,287,0.01532258064516129,254,0.012096774193548387
1,5100,563,0.012745098039215686,235,0.009607843137254901,454,0.014705882352941176
3,6300,652,0.012698412698412698,449,0.016666666666666666,255,0.013492063492063493
1,5200,379,0.015192307692307692,210,0.013653846153846154,440,0.013846153846153847
3,6400,2403,0.015,320,0.01046875,276,0.0121875
1,5300,451,0.021132075471698115,2177,0.012641509433962264,444,0.015471698113207547
4,6800,4597,0.011470588235294118,29733,0.011911764705882353,707,0.016029411764705882
3,6500,1649,0.014153846153846154,4500,0.014615384615384615,549,0.015076923076923076
3,6600,586,0.01606060606060606,276,0.016666666666666666,458,0.013333333333333334
3,6700,809,0.015970149253731344,274,0.018656716417910446,543,0.012686567164179104
3,6800,541,0.014558823529411765,277,0.009558823529411765,545,0.01338235294117647
2,5500,3323,0.019454545454545454,18917,0.013818181818181818,503,0.011818181818181818
3,6900,582,0.020144927536231885,4443,0.012028985507246378,595,0.013623188405797102
1,5400,2646,0.016296296296296295,14049,0.014074074074074074,484,0.013518518518518518
3,7000,767,0.01757142857142857,307,0.015714285714285715,561,0.013714285714285714
1,5500,529,0.016545454545454544,232,0.015272727272727273,441,0.014545454545454545
1,5600,458,0.015892857142857143,231,0.0125,574,0.014642857142857143
3,7100,1081,0.015070422535211268,313,0.012535211267605633,635,0.016901408450704224
2,5600,3509,0.01767857142857143,276,0.019107142857142857,505,0.014642857142857143
1,5700,720,0.01263157894736842,289,0.01631578947368421,488,0.013508771929824562
3,7200,712,0.014861111111111111,413,0.013888888888888888,542,0.01375
2,5700,638,0.011403508771929825,680,0.008421052631578947,512,0.009824561403508772
1,5800,643,0.019655172413793102,316,0.012758620689655173,493,0.01310344827586207
1,5900,781,0.01576271186440678,582,0.013728813559322034,285,0.015084745762711864
3,7300,1299,0.019178082191780823,645,0.011780821917808219,921,0.015616438356164384
3,7400,916,0.016486486486486488,438,0.013513513513513514,834,0.015675675675675675
2,5800,4734,0.01810344827586207,414,0.011724137931034483,651,0.015689655172413792
3,7500,1266,0.017333333333333333,413,0.013733333333333334,834,0.0128
3,7600,1030,0.021052631578947368,401,0.014473684210526316,841,0.014078947368421052
3,7700,1400,0.016623376623376623,385,0.012467532467532468,701,0.013896103896103896
3,7800,712,0.015769230769230768,323,0.01282051282051282,807,0.01217948717948718
3,7900,2281,0.02,350,0.015443037974683544,702,0.014177215189873417
4,6900,5564,0.020869565217391306,32707,0.01391304347826087,585,0.016666666666666666
4,7000,518,0.014285714285714285,283,0.015428571428571429,582,0.012857142857142857
4,7100,544,0.01267605633802817,285,0.012394366197183098,556,0.014647887323943662
4,7200,655,0.014444444444444444,296,0.01125,617,0.014583333333333334
4,7300,612,0.017534246575342465,302,0.010136986301369864,576,0.01315068493150685
2,5900,4081,0.015593220338983051,17177,0.014745762711864407,471,0.013728813559322034
1,6000,4290,0.016166666666666666,20573,0.009833333333333333,515,0.015166666666666667
4,7400,598,0.014864864864864866,317,0.011891891891891892,597,0.011756756756756756
2,6000,461,0.0195,248,0.015666666666666666,453,0.015333333333333332
1,6100,578,0.017049180327868854,252,0.011967213114754098,481,0.015245901639344262
4,7500,656,0.015066666666666667,316,0.016266666666666665,645,0.013733333333333334
2,6100,462,0.021475409836065575,247,0.014426229508196721,490,0.012295081967213115
1,6200,469,0.016129032258064516,265,0.011774193548387097,509,0.01564516129032258
4,7600,743,0.015657894736842107,327,0.01263157894736842,631,0.01381578947368421
2,6200,506,0.01806451612903226,253,0.016451612903225808,493,0.013709677419354839
1,6300,723,0.022222222222222223,258,0.013650793650793651,517,0.014126984126984127
2,6300,559,0.019365079365079366,268,0.008571428571428572,506,0.01746031746031746
4,7700,649,0.012207792207792207,311,0.015974025974025974,646,0.014155844155844156
1,6400,703,0.01453125,267,0.01515625,507,0.013125
2,6400,546,0.015625,261,0.01140625,496,0.01390625
4,7800,631,0.011794871794871795,312,0.013333333333333334,425,0.013846153846153847
1,6500,549,0.013846153846153847,265,0.015384615384615385,496,0.012
2,6500,588,0.01646153846153846,283,0.018,505,0.014307692307692308
1,6600,584,0.018787878787878787,270,0.009242424242424243,548,0.012424242424242424
2,6600,515,0.013030303030303031,265,0.012121212121212121,534,0.011818181818181818
1,6700,562,0.015373134328358209,279,0.017164179104477612,555,0.011940298507462687
2,6700,695,0.014328358208955224,270,0.01626865671641791,526,0.016567164179104477
1,6800,739,0.01852941176470588,283,0.010147058823529412,547,0.013970588235294118
2,6800,667,0.013088235294117647,276,0.011764705882352941,567,0.01411764705882353
1,6900,649,0.013478260869565217,287,0.011739130434782608,573,0.011884057971014493
2,6900,723,0.014492753623188406,279,0.012608695652173913,551,0.013478260869565217
1,7000,578,0.01757142857142857,298,0.012142857142857143,573,0.011571428571428571
1,7100,1084,0.01563380281690141,298,0.019295774647887325,439,0.013521126760563381
1,7200,2292,0.01611111111111111,4860,0.014583333333333334,687,0.01513888888888889
4,7900,1493,0.01848101265822785,15652,0.014177215189873417,685,0.013670886075949367
4,8000,620,0.0155,326,0.012,640,0.011125
4,8100,603,0.018024691358024692,327,0.009135802469135803,662,0.01493827160493827
4,8200,1045,0.012926829268292682,347,0.016219512195121952,641,0.010853658536585365
1,7300,5544,0.014794520547945205,315,0.009315068493150684,628,0.01452054794520548
4,8300,807,0.019036144578313253,334,0.01,667,0.015542168674698795
1,7400,567,0.012162162162162163,299,0.017027027027027027,626,0.014324324324324324
1,7500,676,0.017866666666666666,303,0.011066666666666667,611,0.012
3,8000,5929,0.014625,38456,0.012375,687,0.01375
1,7600,749,0.015263157894736841,353,0.01381578947368421,323,0.015657894736842107
1,7700,818,0.018571428571428572,333,0.01,611,0.015584415584415584
3,8100,2451,0.016049382716049384,389,0.01,329,0.01345679012345679
1,7800,877,0.01564102564102564,397,0.01641025641025641,756,0.014615384615384615
1,7900,1201,0.01658227848101266,320,0.01658227848101266,633,0.014050632911392405
1,8000,1105,0.014125,329,0.012875,569,0.012625
3,8200,655,0.014878048780487804,4427,0.016097560975609757,689,0.01426829268292683
3,8300,1253,0.013975903614457831,338,0.011807228915662651,631,0.014216867469879518
1,8100,2054,0.011604938271604939,330,0.01580246913580247,628,0.012962962962962963
3,8400,736,0.018214285714285714,340,0.009404761904761905,610,0.01488095238095238
1,8200,674,0.01731707317073171,329,0.014634146341463415,651,0.014878048780487804
1,8300,985,0.015542168674698795,430,0.019518072289156627,546,0.014096385542168674
1,8400,1167,0.018214285714285714,414,0.02035714285714286,466,0.014404761904761905
2,7000,6550,0.016,32541,0.016,546,0.014857142857142857
1,8500,812,0.017058823529411765,366,0.010588235294117647,536,0.01388235294117647
3,8500,2810,0.012823529411764706,2842,0.00988235294117647,714,0.013294117647058824
2,7100,690,0.018309859154929577,286,0.010845070422535212,589,0.01323943661971831
1,8600,738,0.020116279069767443,389,0.01383720930232558,748,0.01197674418604651
3,8600,2099,0.01441860465116279,420,0.015116279069767442,951,0.011744186046511628
1,8700,1455,0.017241379310344827,471,0.012528735632183909,803,0.014367816091954023
3,8700,891,0.015862068965517243,727,0.014712643678160919,785,0.015057471264367817
1,8800,1198,0.014090909090909091,472,0.0175,453,0.013409090909090909
3,8800,726,0.016477272727272726,373,0.013863636363636364,769,0.013636363636363636
2,7200,652,0.017083333333333332,6495,0.01361111111111111,492,0.013194444444444444
3,8900,848,0.013595505617977528,367,0.014382022471910113,708,0.014269662921348314
1,8900,2516,0.017640449438202248,385,0.010449438202247191,709,0.015168539325842697
3,9000,894,0.013888888888888888,369,0.015444444444444445,789,0.014666666666666666
1,9000,982,0.015666666666666666,379,0.018333333333333333,752,0.012555555555555556
2,7300,2716,0.01726027397260274,340,0.013287671232876712,739,0.015205479452054794
2,7400,2579,0.013378378378378379,316,0.013918918918918919,591,0.014324324324324324
2,7500,566,0.016533333333333334,309,0.010666666666666666,664,0.016
3,9100,12405,0.016373626373626375,395,0.01098901098901099,691,0.012967032967032967
3,9200,674,0.017391304347826087,375,0.012717391304347826,737,0.012391304347826086
4,8400,9913,0.015952380952380954,57205,0.012023809523809523,817,0.013214285714285715
4,8500,851,0.01647058823529412,387,0.013764705882352941,799,0.013058823529411765
4,8600,719,0.013953488372093023,7969,0.016162790697674418,741,0.014651162790697675
2,7600,5159,0.017631578947368422,34878,0.014078947368421052,392,0.015394736842105263
2,7700,3200,0.016363636363636365,5326,0.017272727272727273,636,0.013116883116883117
1,9100,10201,0.016153846153846154,57613,0.014285714285714285,898,0.013516483516483517
3,9300,9095,0.015053763440860216,54429,0.01043010752688172,814,0.013978494623655914
1,9200,8151,0.015217391304347827,10224,0.012065217391304348,779,0.014782608695652174
1,9300,6987,0.015053763440860216,392,0.014946236559139785,758,0.015376344086021506
2,7800,5973,0.017435897435897435,36922,0.011025641025641025,692,0.014743589743589743
2,7900,738,0.01620253164556962,320,0.015569620253164556,607,0.01379746835443038
2,8000,831,0.0125,326,0.014625,613,0.013375
2,8100,564,0.015679012345679012,326,0.013580246913580247,632,0.013703703703703704
4,8700,8175,0.011379310344827587,50637,0.014022988505747127,892,0.01367816091954023
1,9400,7576,0.01446808510638298,398,0.01648936170212766,733,0.014148936170212767
2,8200,753,0.015853658536585366,329,0.01,656,0.012926829268292682
4,8800,708,0.013636363636363636,354,0.015681818181818182,714,0.010568181818181819
1,9500,775,0.016736842105263158,386,0.014526315789473684,734,0.01263157894736842
2,8300,712,0.013975903614457831,340,0.014819277108433735,654,0.013734939759036145
4,8900,871,0.014943820224719101,372,0.010674157303370787,673,0.014606741573033709
1,9600,1224,0.0128125,384,0.011770833333333333,763,0.0146875
4,9000,782,0.01411111111111111,367,0.011333333333333334,752,0.014666666666666666
4,9100,772,0.014945054945054945,370,0.013076923076923076,701,0.015384615384615385
4,9200,826,0.01717391304347826,375,0.016304347826086956,720,0.0125
2,8400,7444,0.01630952380952381,354,0.01619047619047619,713,0.013928571428571429
4,9300,676,0.013763440860215054,388,0.010752688172043012,470,0.012795698924731183
2,8500,692,0.01764705882352941,352,0.019058823529411763,701,0.01411764705882353
2,8600,639,0.016046511627906976,355,0.014069767441860465,702,0.01441860465116279
4,9400,3407,0.01372340425531915,405,0.01276595744680851,720,0.01276595744680851
2,8700,654,0.01793103448275862,356,0.013448275862068966,660,0.013448275862068966
2,8800,7684,0.012045454545454545,1441,0.011136363636363637,923,0.012386363636363636
2,8900,1000,0.014719101123595505,437,0.014044943820224719,879,0.013595505617977528
2,9000,1434,0.009777777777777778,627,0.010666666666666666,1025,0.013222222222222222
2,9100,1758,0.014065934065934066,432,0.013846153846153847,858,0.011758241758241758
2,9200,779,0.019456521739130435,417,0.017934782608695653,775,0.014347826086956521
2,9300,775,0.015806451612903227,435,0.015591397849462365,781,0.013655913978494624
4,9500,12274,0.015789473684210527,13514,0.009789473684210527,431,0.014947368421052631
2,9400,8333,0.017659574468085106,405,0.014042553191489362,486,0.015851063829787234
3,9400,8855,0.01925531914893617,63501,0.01297872340425532,780,0.013191489361702127
4,9600,5612,0.016666666666666666,491,0.019166666666666665,905,0.0159375
2,9500,801,0.013263157894736841,617,0.01231578947368421,419,0.013157894736842105
3,9500,1045,0.015473684210526317,381,0.016842105263157894,589,0.014210526315789474
4,9700,1029,0.015463917525773196,445,0.01628865979381443,813,0.01422680412371134
2,9600,1347,0.013541666666666667,430,0.018958333333333334,769,0.014791666666666667
4,9800,952,0.016224489795918368,418,0.013775510204081633,846,0.014081632653061225
4,9900,997,0.020404040404040404,426,0.013333333333333334,776,0.013030303030303031
3,9600,5456,0.016666666666666666,422,0.01,1055,0.013645833333333333
3,9700,974,0.014536082474226804,468,0.014639175257731958,799,0.014329896907216495
3,9800,900,0.01683673469387755,426,0.015408163265306122,776,0.014591836734693877
2,9700,8679,0.0165979381443299,402,0.01134020618556701,971,0.014123711340206185
2,9800,1025,0.017551020408163264,578,0.011122448979591837,475,0.013775510204081633
4,10000,1300,0.0136,7357,0.0159,883,0.0128
5,100,17,0,8,0.04,24,0
5,200,47,0,34,0.01,12,0.015
5,300,39,0.04666666666666667,22,0.04,17,0.03
5,400,37,0.0325,22,0.01,24,0.02
5,500,43,0.044,26,0.016,21,0.014
5,600,48,0.03333333333333333,29,0.018333333333333333,25,0.013333333333333334
5,700,58,0.017142857142857144,35,0.008571428571428572,28,0.014285714285714285
5,800,66,0.015,38,0.01125,31,0.0125
5,900,74,0.014444444444444444,43,0.012222222222222223,37,0.014444444444444444
5,1000,80,0.015,55,0.043,40,0.017
5,1100,104,0.019090909090909092,51,0.017272727272727273,44,0.02909090909090909
5,1200,99,0.018333333333333333,61,0.0025,48,0.011666666666666667
5,1300,118,0.010769230769230769,70,0.02,54,0.007692307692307693
5,1400,145,0.023571428571428573,70,0.004285714285714286,58,0.020714285714285713
2,9900,2475,0.013939393939393939,395,0.013636363636363636,761,0.013030303030303031
5,1500,120,0.015333333333333332,72,0.004,66,0.011333333333333334
5,1600,168,0.0225,77,0.01,68,0.01625
5,1700,131,0.018823529411764704,77,0.019411764705882354,74,0.01
5,1800,157,0.021111111111111112,91,0.013333333333333334,76,0.011666666666666667
5,1900,187,0.01368421052631579,104,0.006842105263157895,77,0.017894736842105262
5,2000,258,0.0155,141,0.0105,82,0.017
2,10000,834,0.0183,395,0.011,764,0.0166
5,2100,245,0.011904761904761904,144,0.005238095238095238,101,0.012857142857142857
6,100,17,0.01,22,0,6,0.01
6,200,25,0.035,15,0,12,0.025
6,300,24,0.016666666666666666,18,0.0033333333333333335,20,0.0033333333333333335
6,400,49,0.0125,28,0.005,27,0.02
5,2200,267,0.015,178,0.013636363636363636,139,0.012727272727272728
6,500,106,0.016,31,0.01,35,0.008
6,600,49,0.005,31,0.015,50,0.011666666666666667
6,700,75,0.018571428571428572,38,0.01,51,0.005714285714285714
5,2300,324,0.018695652173913044,117,0.011739130434782608,249,0.01652173913043478
6,800,138,0.0275,300,0.00625,58,0.00875
6,900,76,0.03333333333333333,41,0.013333333333333334,35,0.006666666666666667
6,1000,79,0.02,49,0.009,41,0.008
5,2400,315,0.019583333333333335,128,0.014166666666666666,186,0.014166666666666666
6,1100,92,0.011818181818181818,55,0.017272727272727273,46,0.01
6,1200,106,0.019166666666666665,57,0.010833333333333334,49,0.0125
5,2500,197,0.0176,101,0.0308,207,0.0156
6,1300,111,0.012307692307692308,62,0.011538461538461539,53,0.016923076923076923
6,1400,125,0.014285714285714285,74,0.011428571428571429,56,0.010714285714285714
5,2600,181,0.018846153846153846,108,0.01,204,0.010769230769230769
6,1500,122,0.014666666666666666,74,0.012,63,0.012666666666666666
6,1600,126,0.016875,69,0.00375,112,0.013125
5,2700,263,0.01814814814814815,114,0.006296296296296296,197,0.017037037037037038
6,1700,121,0.01647058823529412,71,0.0058823529411764705,129,0.008823529411764706
6,1800,330,0.01888888888888889,81,0.002777777777777778,141,0.012777777777777779
5,2800,193,0.02214285714285714,625,0.02035714285714286,217,0.014642857142857143
6,1900,181,0.01,97,0.02,143,0.015263157894736841
6,2000,200,0.0165,87,0.0125,148,0.0095
5,2900,229,0.01689655172413793,120,0.010689655172413793,214,0.01689655172413793
6,2100,193,0.02142857142857143,120,0.016666666666666666,176,0.010476190476190476
6,2200,192,0.015909090909090907,95,0.009545454545454546,162,0.013181818181818182
5,3000,262,0.012666666666666666,673,0.016666666666666666,248,0.012666666666666666
6,2300,185,0.012608695652173913,96,0.018260869565217393,177,0.014782608695652174
6,2400,196,0.024583333333333332,105,0.00875,186,0.012916666666666667
5,3100,246,0.016451612903225808,128,0.00935483870967742,257,0.013225806451612903
6,2500,580,0.0156,109,0.0192,200,0.0116
6,2600,192,0.018461538461538463,111,0.01730769230769231,201,0.011538461538461539
6,2700,224,0.020370370370370372,113,0.01037037037037037,204,0.015555555555555555
6,2800,214,0.017857142857142856,116,0.019642857142857142,214,0.013928571428571429
6,2900,235,0.016551724137931035,119,0.011034482758620689,222,0.014137931034482758
5,3200,860,0.02375,2459,0.0125,259,0.0146875
6,3000,242,0.018333333333333333,128,0.02033333333333333,245,0.013333333333333334
5,3300,238,0.011818181818181818,135,0.014242424242424242,254,0.016363636363636365
5,3400,229,0.012352941176470587,139,0.012352941176470587,266,0.01411764705882353
5,3500,336,0.01685714285714286,144,0.009714285714285713,273,0.016
5,3600,281,0.012222222222222223,147,0.015833333333333335,282,0.012777777777777779
6,3100,879,0.026451612903225806,2285,0.016451612903225808,256,0.016774193548387096
6,3200,265,0.01,133,0.0184375,272,0.01375
6,3300,249,0.015151515151515152,139,0.015151515151515152,265,0.012424242424242424
6,3400,377,0.01588235294117647,151,0.015,322,0.012647058823529412
6,3500,250,0.018571428571428572,145,0.021142857142857144,282,0.015714285714285715
6,3600,291,0.015277777777777777,151,0.015277777777777777,294,0.014722222222222222
5,3700,1023,0.015135135135135135,3301,0.009189189189189189,294,0.012432432432432432
5,3800,1103,0.01868421052631579,159,0.01,289,0.014210526315789474
5,3900,334,0.010256410256410256,159,0.009487179487179488,283,0.015128205128205128
5,4000,308,0.0155,163,0.00825,312,0.01475
5,4100,409,0.01024390243902439,170,0.013170731707317073,327,0.015853658536585366
6,3700,1186,0.016486486486486488,3389,0.015945945945945946,302,0.016756756756756756
6,3800,363,0.02526315789473684,158,0.012368421052631579,280,0.014736842105263158
5,4200,1529,0.02119047619047619,178,0.01380952380952381,328,0.012380952380952381
6,3900,338,0.01641025641025641,177,0.01871794871794872,330,0.016666666666666666
5,4300,347,0.01674418604651163,177,0.015348837209302326,324,0.01441860465116279
6,4000,293,0.01475,199,0.01325,299,0.016
6,4100,338,0.013658536585365854,166,0.016097560975609757,307,0.014634146341463415
5,4400,460,0.01977272727272727,180,0.017954545454545456,355,0.014318181818181818
6,4200,331,0.017380952380952382,169,0.01380952380952381,312,0.015952380952380954
5,4500,329,0.014,183,0.013777777777777778,343,0.014222222222222223
6,4300,361,0.015348837209302326,177,0.010930232558139534,348,0.013488372093023256
5,4600,378,0.015869565217391305,186,0.011521739130434782,287,0.013478260869565217
5,4700,415,0.016595744680851062,196,0.013404255319148937,371,0.01297872340425532
1,9700,12570,0.01865979381443299,81934,0.013505154639175258,683,0.012680412371134021
5,4800,626,0.01875,245,0.015,383,0.0125
5,4900,503,0.01693877551020408,277,0.015510204081632653,425,0.012040816326530613
6,4400,1854,0.013181818181818182,1627,0.011590909090909091,249,0.012954545454545455
1,9800,874,0.02040816326530612,418,0.017040816326530612,821,0.015408163265306122
5,5000,459,0.0174,229,0.0156,437,0.0148
6,4500,1426,0.017555555555555557,286,0.008,418,0.01577777777777778
5,5100,904,0.01980392156862745,589,0.009411764705882352,492,0.01392156862745098
1,9900,1357,0.017272727272727273,619,0.016767676767676768,927,0.013434343434343434
6,4600,491,0.014347826086956521,190,0.012826086956521739,362,0.013260869565217392
5,5200,588,0.018461538461538463,234,0.0125,420,0.014615384615384615
6,4700,431,0.014893617021276596,209,0.017446808510638297,376,0.012127659574468085
1,10000,1040,0.0145,413,0.0158,790,0.0146
3,9900,12660,0.017474747474747476,32630,0.016767676767676768,883,0.012828282828282828
7,100,19,0.02,8,0,4,0
7,200,21,0.01,13,0.01,10,0
7,300,27,0.006666666666666667,17,0.03,19,0.013333333333333334
7,400,35,0.015,22,0.005,25,0.02
7,500,46,0.014,28,0.01,38,0.004
7,600,60,0.013333333333333334,31,0.008333333333333333,46,0.008333333333333333
7,700,65,0.02,68,0.017142857142857144,64,0.011428571428571429
7,800,108,0.0225,164,0.0125,86,0.015
7,900,186,0.014444444444444444,229,0.015555555555555555,82,0.014444444444444444
7,1000,101,0.024,48,0.013,79,0.013
7,1100,120,0.023636363636363636,54,0.019090909090909092,87,0.01090909090909091
7,1200,168,0.015833333333333335,333,0.014166666666666666,100,0.011666666666666667
7,1300,130,0.012307692307692308,66,0.016923076923076923,103,0.013076923076923076
7,1400,133,0.027142857142857142,73,0.013571428571428571,120,0.01
7,1500,162,0.016666666666666666,66,0.020666666666666667,118,0.014666666666666666
3,10000,2123,0.0153,470,0.0135,1046,0.0134
7,1600,247,0.01125,207,0.014375,85,0.018125
8,100,24,0.03,13,0,6,0.01
7,1700,153,0.013529411764705882,89,0.020588235294117647,75,0.011176470588235295
8,200,26,0,17,0.005,14,0.01
8,300,35,0,21,0.013333333333333334,21,0.006666666666666667
8,400,51,0.0125,26,0.0225,32,0.0175
7,1800,119,0.02388888888888889,103,0.017777777777777778,76,0.017222222222222222
8,500,85,0.022,85,0.002,42,0.014
8,600,72,0.011666666666666667,35,0,41,0.013333333333333334
8,700,54,0.015714285714285715,33,0.01,45,0.02142857142857143
7,1900,149,0.009473684210526316,170,0.008947368421052631,98,0.017894736842105262
8,800,75,0.01625,39,0.01375,59,0.0175
8,900,68,0.024444444444444446,41,0.021111111111111112,64,0.016666666666666666
7,2000,207,0.0165,122,0.013,87,0.0125
8,1000,120,0.022,216,0.04,77,0.013
7,2100,170,0.015714285714285715,106,0.012380952380952381,91,0.020476190476190478
7,2200,186,0.017272727272727273,110,0.020454545454545454,96,0.01
8,1100,192,0.013636363636363636,287,0.013636363636363636,88,0.00909090909090909
7,2300,247,0.01956521739130435,141,0.017391304347826087,96,0.014347826086956521
8,1200,190,0.011666666666666667,55,0.0075,91,0.013333333333333334
8,1300,112,0.023076923076923078,59,0.013846153846153847,93,0.012307692307692308
8,1400,158,0.012857142857142857,61,0.02,100,0.012142857142857143
7,2400,308,0.020833333333333332,251,0.014166666666666666,145,0.011666666666666667
8,1500,297,0.012,218,0.004,75,0.020666666666666667
7,2500,417,0.0132,146,0.0144,106,0.0096
7,2600,331,0.014615384615384615,143,0.016923076923076923,116,0.011923076923076923
8,1600,266,0.01375,758,0.00375,124,0.018125
8,1700,154,0.019411764705882354,74,0.011176470588235295,138,0.013529411764705882
7,2700,454,0.015555555555555555,494,0.014814814814814815,224,0.015555555555555555
7,2800,218,0.01107142857142857,120,0.01607142857142857,204,0.017857142857142856
8,1800,399,0.009444444444444445,791,0.012777777777777779,157,0.012777777777777779
7,2900,271,0.010344827586206896,125,0.0034482758620689655,252,0.019310344827586208
8,1900,215,0.01263157894736842,105,0.014736842105263158,162,0.013157894736842105
8,2000,183,0.0145,85,0.0225,157,0.0095
7,3000,273,0.014,126,0.012666666666666666,230,0.013666666666666667
8,2100,226,0.013333333333333334,94,0.015238095238095238,160,0.012857142857142857
7,3100,233,0.014838709677419355,128,0.016451612903225808,249,0.012580645161290323
6,4800,2651,0.015,11347,0.015,411,0.013333333333333334
8,2200,170,0.02181818181818182,94,0.015,171,0.013181818181818182
8,2300,196,0.014782608695652174,107,0.015217391304347827,187,0.01217391304347826
8,2400,167,0.012083333333333333,102,0.016666666666666666,187,0.015833333333333335
6,4900,516,0.012653061224489797,202,0.014489795918367347,379,0.014489795918367347
7,3200,990,0.0128125,168,0.0109375,286,0.0128125
6,5000,371,0.0198,211,0.0128,366,0.0118
7,3300,471,0.01787878787878788,137,0.010606060606060607,255,0.01606060606060606
7,3400,265,0.015294117647058824,144,0.01735294117647059,274,0.012647058823529412
5,5300,3085,0.016037735849056604,14371,0.016981132075471698,336,0.014150943396226415
8,2500,559,0.0156,1512,0.01,225,0.0112
7,3500,270,0.01685714285714286,141,0.012,269,0.011714285714285714
7,3600,323,0.016666666666666666,154,0.013333333333333334,280,0.013055555555555556
8,2600,795,0.018076923076923077,118,0.011153846153846153,201,0.01653846153846154
8,2700,194,0.014444444444444444,118,0.0044444444444444444,179,0.011851851851851851
8,2800,443,0.02107142857142857,179,0.016428571428571428,122,0.017857142857142856
8,2900,264,0.01896551724137931,162,0.015862068965517243,123,0.016206896551724137
8,3000,500,0.011666666666666667,185,0.011333333333333334,131,0.012333333333333333
8,3100,382,0.014516129032258065,251,0.016129032258064516,168,0.01096774193548387
5,5400,1500,0.01925925925925926,3318,0.015185185185185185,525,0.012962962962962963
8,3200,405,0.014375,194,0.0159375,334,0.0153125
5,5500,457,0.016545454545454544,260,0.013272727272727273,229,0.014727272727272728
8,3300,344,0.019696969696969695,205,0.01606060606060606,341,0.011515151515151515
5,5600,1130,0.012678571428571428,278,0.010535714285714285,296,0.012321428571428572
5,5700,570,0.015964912280701755,308,0.012807017543859649,257,0.013508771929824562
7,3700,1631,0.015135135135135135,6674,0.012162162162162163,355,0.010810810810810811
7,3800,335,0.012894736842105263,160,0.011842105263157895,303,0.013947368421052632
6,5100,1512,0.019411764705882354,9786,0.01392156862745098,412,0.012941176470588235
5,5800,656,0.021724137931034483,246,0.012586206896551724,463,0.01293103448275862
7,3900,353,0.016666666666666666,177,0.018205128205128204,371,0.01358974358974359
8,3400,1323,0.012647058823529412,3615,0.01088235294117647,290,0.013235294117647059
5,5900,504,0.01423728813559322,245,0.01423728813559322,449,0.01440677966101695
6,5200,989,0.015,260,0.010769230769230769,230,0.011923076923076923
8,3500,285,0.014,145,0.013142857142857144,287,0.015714285714285715
7,4000,497,0.01525,250,0.01625,381,0.014
8,3600,334,0.016666666666666666,149,0.011666666666666667,223,0.011944444444444445
5,6000,745,0.0155,332,0.01633333333333333,261,0.014833333333333334
7,4100,433,0.01902439024390244,167,0.00878048780487805,341,0.010731707317073172
8,3700,724,0.016756756756756756,170,0.015405405405405406,175,0.015945945945945946
7,4200,434,0.018095238095238095,175,0.009523809523809525,326,0.014761904761904763
5,6100,761,0.014754098360655738,354,0.01180327868852459,255,0.014918032786885246
8,3800,389,0.014736842105263158,179,0.015,289,0.014473684210526316
6,5300,2544,0.016037735849056604,240,0.013584905660377358,410,0.011886792452830188
7,4300,419,0.027209302325581396,245,0.019302325581395347,397,0.012558139534883722
8,3900,406,0.01358974358974359,197,0.01717948717948718,160,0.013846153846153847
5,6200,735,0.013225806451612903,380,0.01096774193548387,324,0.014193548387096775
6,5400,600,0.02,227,0.012777777777777779,421,0.014814814814814815
7,4400,397,0.017045454545454544,232,0.020227272727272726,425,0.0125
5,6300,478,0.01507936507936508,335,0.008412698412698413,248,0.015714285714285715
8,4000,912,0.01675,169,0.013,291,0.0145
6,5500,470,0.016,232,0.017454545454545455,313,0.012727272727272728
7,4500,499,0.012888888888888889,206,0.009777777777777778,370,0.013777777777777778
8,4100,374,0.014634146341463415,199,0.018292682926829267,362,0.00975609756097561
7,4600,364,0.013478260869565217,196,0.013695652173913043,391,0.015434782608695652
6,5600,554,0.013571428571428571,315,0.015892857142857143,253,0.014107142857142856
8,4200,502,0.012857142857142857,299,0.01380952380952381,445,0.014761904761904763
7,4700,458,0.014680851063829787,214,0.01957446808510638,553,0.01127659574468085
8,4300,746,0.02069767441860465,891,0.012325581395348837,255,0.013255813953488372
6,5700,902,0.01649122807017544,1748,0.010701754385964912,326,0.011578947368421053
8,4400,595,0.022045454545454545,298,0.01090909090909091,205,0.012954545454545455
8,4500,563,0.012666666666666666,218,0.013777777777777778,192,0.010888888888888889
6,5800,2008,0.01396551724137931,301,0.009137931034482759,247,0.013448275862068966
8,4600,1202,0.015,245,0.01565217391304348,185,0.013478260869565217
6,5900,570,0.016440677966101696,319,0.012372881355932203,573,0.015593220338983051
8,4700,373,0.016382978723404256,217,0.017872340425531916,192,0.013191489361702127
6,6000,781,0.017833333333333333,654,0.013333333333333334,647,0.013833333333333333
8,4800,1611,0.01875,324,0.014375,554,0.017291666666666667
5,6400,1501,0.015625,10223,0.01546875,407,0.0171875
8,4900,614,0.012244897959183673,396,0.017142857142857144,242,0.015918367346938776
6,6100,874,0.014754098360655738,388,0.011475409836065573,611,0.014426229508196721
8,5000,883,0.017,290,0.0088,203,0.0146
6,6200,703,0.020161290322580645,329,0.013225806451612903,575,0.013225806451612903
8,5100,365,0.019019607843137255,293,0.016666666666666666,207,0.011568627450980392
7,4800,2445,0.017708333333333333,9523,0.01375,426,0.013333333333333334
6,6300,621,0.013650793650793651,278,0.010317460317460317,493,0.013333333333333334
7,4900,372,0.013265306122448979,207,0.01183673469387755,453,0.015306122448979591
8,5200,1492,0.022692307692307692,353,0.012884615384615385,229,0.011923076923076923
6,6400,707,0.01921875,342,0.0159375,591,0.0134375
7,5000,487,0.009,203,0.0144,375,0.0162
8,5300,346,0.016981132075471698,291,0.014339622641509434,253,0.014339622641509434
5,6500,4846,0.011384615384615385,276,0.015384615384615385,611,0.01323076923076923
7,5100,873,0.011372549019607842,247,0.011764705882352941,465,0.01411764705882353
6,6500,832,0.016,293,0.010153846153846154,685,0.011538461538461539
8,5400,690,0.017037037037037038,368,0.012222222222222223,391,0.01037037037037037
5,6600,757,0.018787878787878787,266,0.01196969696969697,535,0.013030303030303031
7,5200,638,0.014807692307692308,263,0.015192307692307692,459,0.013461538461538462
6,6600,885,0.01681818181818182,330,0.009393939393939394,657,0.016666666666666666
5,6700,643,0.013432835820895522,400,0.015223880597014926,582,0.010597014925373134
7,5300,425,0.01509433962264151,213,0.011509433962264152,421,0.014905660377358491
8,5500,1273,0.018363636363636363,1143,0.01690909090909091,457,0.014363636363636363
6,6700,500,0.012238805970149255,277,0.014626865671641792,521,0.012238805970149255
7,5400,423,0.020370370370370372,216,0.01,422,0.012222222222222223
8,5600,624,0.019464285714285715,253,0.018035714285714287,484,0.01375
6,6800,532,0.02088235294117647,281,0.015294117647058824,530,0.013235294117647059
7,5500,791,0.015818181818181818,849,0.011272727272727273,227,0.014727272727272728
8,5700,514,0.01456140350877193,322,0.011578947368421053,520,0.015438596491228071
7,5600,413,0.020714285714285713,961,0.013571428571428571,437,0.01375
8,5800,501,0.015689655172413792,254,0.012586206896551724,499,0.016551724137931035
7,5700,467,0.020701754385964912,250,0.01456140350877193,480,0.01368421052631579
7,5800,513,0.01706896551724138,241,0.014482758620689656,456,0.013448275862068966
7,5900,670,0.015593220338983051,296,0.01813559322033898,249,0.01305084745762712
7,6000,1523,0.014333333333333333,11079,0.014666666666666666,542,0.012833333333333334
7,6100,654,0.015737704918032787,248,0.012295081967213115,545,0.013934426229508197
7,6200,557,0.02032258064516129,265,0.014032258064516129,489,0.01435483870967742
6,6900,2576,0.01681159420289855,19016,0.009565217391304347,635,0.014202898550724638
7,6300,579,0.016984126984126983,254,0.01873015873015873,495,0.013015873015873015
6,7000,523,0.02214285714285714,283,0.013142857142857144,576,0.014428571428571428
7,6400,552,0.015,295,0.01546875,508,0.0146875
6,7100,622,0.012957746478873239,283,0.01267605633802817,553,0.014084507042253521
8,5900,3930,0.016440677966101696,18486,0.011016949152542373,560,0.014745762711864407
6,7200,551,0.020277777777777777,293,0.02347222222222222,558,0.013472222222222222
8,6000,581,0.018166666666666668,243,0.018166666666666668,301,0.013833333333333333
8,6100,740,0.016557377049180328,276,0.01639344262295082,256,0.014918032786885246
6,7300,633,0.014931506849315069,298,0.01780821917808219,564,0.016164383561643837
6,7400,615,0.014324324324324324,310,0.012837837837837839,581,0.01418918918918919
8,6200,2103,0.012419354838709677,266,0.01435483870967742,496,0.011774193548387097
6,7500,540,0.011733333333333333,300,0.013733333333333334,537,0.0136
8,6300,462,0.015396825396825397,255,0.01380952380952381,490,0.01253968253968254
6,7600,550,0.015131578947368421,304,0.014736842105263158,463,0.013289473684210526
8,6400,602,0.01359375,272,0.01078125,460,0.01265625
5,6800,5482,0.014705882352941176,29834,0.013823529411764707,615,0.012941176470588235
5,6900,695,0.014347826086956521,289,0.014057971014492753,560,0.01217391304347826
5,7000,720,0.015285714285714286,295,0.013428571428571429,567,0.014142857142857143
6,7700,3592,0.016233766233766232,332,0.012077922077922078,562,0.013116883116883117
5,7100,665,0.01436619718309859,293,0.01028169014084507,569,0.01267605633802817
5,7200,654,0.015416666666666667,303,0.017083333333333332,553,0.014027777777777778
5,7300,530,0.01726027397260274,302,0.011780821917808219,586,0.014931506849315069
5,7400,563,0.014864864864864866,306,0.012432432432432432,594,0.012972972972972972
5,7500,517,0.0144,310,0.013733333333333334,594,0.0124
5,7600,591,0.01644736842105263,311,0.015263157894736841,638,0.014342105263157894
5,7700,625,0.01961038961038961,315,0.011428571428571429,586,0.015454545454545455
5,7800,693,0.01769230769230769,319,0.010256410256410256,596,0.013076923076923076
6,7800,1380,0.01858974358974359,10181,0.015256410256410256,692,0.012051282051282051
6,7900,669,0.018734177215189874,321,0.013164556962025316,627,0.010632911392405063
6,8000,653,0.01325,326,0.012625,605,0.01225
6,8100,799,0.02123456790123457,326,0.011728395061728396,642,0.01271604938271605
6,8200,879,0.015365853658536585,328,0.012560975609756098,677,0.014146341463414635
7,6500,4861,0.014923076923076923,26559,0.012153846153846154,581,0.012153846153846154
7,6600,548,0.015151515151515152,296,0.015909090909090907,546,0.012878787878787878
7,6700,718,0.018656716417910446,281,0.014626865671641792,539,0.011791044776119404
8,6500,4697,0.025076923076923077,21937,0.01123076923076923,620,0.014769230769230769
7,6800,919,0.01764705882352941,436,0.007794117647058824,294,0.01411764705882353
5,7900,5594,0.018354430379746836,9567,0.010379746835443038,701,0.012658227848101266
7,6900,2315,0.016956521739130436,1257,0.01391304347826087,571,0.014637681159420289
5,8000,707,0.01225,321,0.014,640,0.014875
6,8300,9414,0.017349397590361446,363,0.011686746987951807,698,0.013493975903614458
7,7000,638,0.015142857142857144,295,0.01742857142857143,625,0.014571428571428572
5,8100,689,0.013950617283950617,327,0.016790123456790124,639,0.011728395061728396
6,8400,684,0.014404761904761905,338,0.017857142857142856,670,0.0125
7,7100,689,0.01915492957746479,361,0.018450704225352114,566,0.013380281690140845
5,8200,815,0.016341463414634147,330,0.012560975609756098,623,0.015
6,8500,781,0.015058823529411765,344,0.012352941176470587,645,0.012
7,7200,548,0.013055555555555556,299,0.011527777777777777,589,0.014722222222222222
5,8300,628,0.01602409638554217,336,0.016746987951807228,568,0.013855421686746987
6,8600,809,0.014534883720930232,349,0.012674418604651162,704,0.013023255813953489
5,8400,735,0.01619047619047619,341,0.012857142857142857,641,0.014404761904761905
6,8700,859,0.011839080459770114,358,0.01632183908045977,684,0.014712643678160919
6,8800,725,0.017727272727272727,363,0.017727272727272727,812,0.010795454545454546
6,8900,1523,0.0150561797752809,418,0.01247191011235955,721,0.013146067415730336
7,7300,7128,0.014246575342465753,385,0.013835616438356164,609,0.013561643835616439
7,7400,729,0.017297297297297298,327,0.011891891891891892,690,0.014054054054054054
7,7500,622,0.015466666666666667,410,0.014,710,0.0144
7,7600,679,0.019078947368421053,338,0.018026315789473685,730,0.011973684210526315
7,7700,1171,0.013376623376623377,325,0.011948051948051949,616,0.014155844155844156
7,7800,709,0.01717948717948718,323,0.015,690,0.013205128205128204
7,7900,710,0.015063291139240506,450,0.017848101265822786,488,0.015316455696202531
7,8000,1216,0.013,328,0.017875,638,0.011875
7,8100,674,0.018518518518518517,335,0.018271604938271607,655,0.01345679012345679
8,6600,5371,0.017424242424242425,26460,0.014696969696969696,654,0.013787878787878788
6,9000,2363,0.018111111111111113,11936,0.015222222222222222,744,0.014777777777777779
8,6700,535,0.016417910447761194,275,0.010447761194029851,542,0.014776119402985075
7,8200,629,0.015121951219512195,350,0.01731707317073171,709,0.013292682926829268
8,6800,580,0.013529411764705882,283,0.012647058823529412,566,0.01588235294117647
8,6900,7498,0.017971014492753623,29655,0.017246376811594202,570,0.014202898550724638
5,8500,8933,0.013058823529411765,53090,0.008941176470588235,850,0.012941176470588235
8,7000,1110,0.017142857142857144,1123,0.013714285714285714,289,0.015428571428571429
5,8600,790,0.016046511627906976,365,0.012674418604651162,739,0.013372093023255814
5,8700,827,0.017241379310344827,354,0.011034482758620689,706,0.012413793103448275
8,7100,2507,0.01591549295774648,3576,0.007746478873239437,565,0.013943661971830987
8,7200,613,0.01902777777777778,292,0.012916666666666667,487,0.0125
8,7300,1021,0.01767123287671233,296,0.012602739726027398,586,0.013013698630136987
8,7400,642,0.017162162162162164,342,0.018243243243243244,873,0.013918918918918919
7,8300,9089,0.016987951807228917,45156,0.014216867469879518,586,0.013855421686746987
8,7500,877,0.017333333333333333,400,0.013333333333333334,754,0.013466666666666667
7,8400,921,0.01380952380952381,345,0.011547619047619048,572,0.016547619047619047
8,7600,5249,0.015394736842105263,336,0.009605263157894737,624,0.0125
8,7700,851,0.013636363636363636,352,0.015584415584415584,718,0.013376623376623377
8,7800,831,0.016923076923076923,381,0.013076923076923076,690,0.013076923076923076
8,7900,669,0.01759493670886076,370,0.010759493670886076,797,0.013037974683544304
8,8000,877,0.01625,330,0.013375,730,0.01125
6,9100,11992,0.01912087912087912,60004,0.00901098901098901,596,0.015274725274725275
6,9200,1071,0.01847826086956522,517,0.015869565217391305,831,0.015434782608695652
6,9300,802,0.014516129032258065,372,0.01817204301075269,753,0.013978494623655914
6,9400,823,0.01925531914893617,380,0.0073404255319148935,760,0.015106382978723404
6,9500,879,0.01936842105263158,390,0.01231578947368421,752,0.015052631578947368
7,8500,2744,0.01388235294117647,20686,0.009764705882352941,779,0.01388235294117647
6,9600,752,0.0190625,395,0.0171875,784,0.0121875
7,8600,610,0.017093023255813952,378,0.01244186046511628,446,0.014186046511627907
6,9700,810,0.015670103092783504,405,0.013608247422680412,697,0.015876288659793816
7,8700,1483,0.016091954022988506,374,0.014137931034482758,744,0.012988505747126436
6,9800,1492,0.015102040816326531,406,0.015714285714285715,490,0.015714285714285715
6,9900,3352,0.016363636363636365,436,0.014444444444444444,796,0.01494949494949495
6,10000,960,0.0172,407,0.0108,810,0.0148
7,8800,7587,0.01965909090909091,353,0.01125,375,0.013409090909090909
7,8900,582,0.015842696629213483,518,0.015168539325842697,353,0.013146067415730336
7,9000,1217,0.01211111111111111,529,0.013888888888888888,362,0.012222222222222223
7,9100,2773,0.013406593406593406,517,0.01703296703296703,360,0.014065934065934066
7,9200,1123,0.01934782608695652,554,0.01608695652173913,369,0.013804347826086957
7,9300,4761,0.01827956989247312,533,0.012365591397849462,370,0.012795698924731183
5,8800,8342,0.017727272727272727,54660,0.014772727272727272,456,0.011477272727272727
5,8900,1951,0.01853932584269663,470,0.015617977528089888,357,0.012696629213483145
7,9400,2273,0.018085106382978722,1046,0.01574468085106383,420,0.013085106382978724
7,9500,1199,0.014947368421052631,510,0.01231578947368421,378,0.013052631578947368
5,9000,2566,0.013444444444444445,525,0.012444444444444444,362,0.014222222222222223
7,9600,1167,0.015416666666666667,529,0.009375,387,0.014583333333333334
8,8100,8635,0.015925925925925927,38028,0.014320987654320988,423,0.01493827160493827
5,9100,1640,0.015274725274725275,517,0.016593406593406593,365,0.013956043956043955
7,9700,834,0.018969072164948454,1407,0.015979381443298968,389,0.013092783505154639
8,8200,1234,0.011707317073170732,1275,0.014634146341463415,357,0.013536585365853658
7,9800,1429,0.0163265306122449,596,0.012653061224489797,392,0.013163265306122449
5,9200,2123,0.01565217391304348,1553,0.015543478260869565,526,0.013695652173913043
8,8300,1900,0.017951807228915664,415,0.02036144578313253,343,0.013132530120481928
8,8400,542,0.015238095238095238,456,0.01119047619047619,345,0.013333333333333334
7,9900,1364,0.01616161616161616,1210,0.014343434343434344,434,0.014343434343434344
5,9300,1705,0.017419354838709676,585,0.011505376344086021,364,0.014086021505376344
7,10000,718,0.0149,443,0.0124,408,0.0125
5,9400,1889,0.01446808510638298,556,0.013085106382978724,364,0.014680851063829787
8,8500,2560,0.014823529411764706,918,0.013411764705882352,339,0.014823529411764706
8,8600,1340,0.015116279069767442,459,0.014767441860465117,345,0.013139534883720931
5,9500,4738,0.01568421052631579,641,0.015263157894736841,367,0.016210526315789474
8,8700,3188,0.017126436781609196,668,0.01,342,0.01632183908045977
8,8800,1135,0.014886363636363637,443,0.014318181818181818,350,0.014318181818181818
5,9600,5522,0.0140625,561,0.017083333333333332,368,0.014583333333333334
8,8900,3282,0.01707865168539326,1144,0.016067415730337077,350,0.014382022471910113
5,9700,4873,0.020618556701030927,604,0.011443298969072166,371,0.014845360824742268
8,9000,4155,0.018222222222222223,573,0.010666666666666666,347,0.012666666666666666
8,9100,991,0.013736263736263736,540,0.012967032967032967,371,0.013076923076923076
8,9200,1413,0.017717391304347827,508,0.01141304347826087,365,0.015
5,9800,4960,0.015204081632653061,576,0.00989795918367347,382,0.01193877551020408
8,9300,1509,0.01989247311827957,457,0.011612903225806452,368,0.012473118279569893
8,9400,3741,0.015319148936170212,553,0.013936170212765957,375,0.014574468085106382
5,9900,5460,0.018383838383838384,533,0.01797979797979798,382,0.015454545454545455
8,9500,6080,0.01336842105263158,527,0.012947368421052631,366,0.013473684210526317
5,10000,5772,0.0157,498,0.0154,379,0.0167
8,9600,2427,0.013020833333333334,575,0.0159375,352,0.015104166666666667
8,9700,4193,0.014948453608247423,1028,0.01020618556701031,362,0.013814432989690721
8,9800,1761,0.017244897959183672,531,0.012142857142857143,363,0.015510204081632653
8,9900,1035,0.01818181818181818,597,0.01616161616161616,364,0.016565656565656565
8,10000,3992,0.0141,544,0.0139,367,0.0115
